
-- ===============================================================================
-- Jede SQL-Anweisung muss in genau 1 Zeile
-- Kommentare durch -- am Zeilenanfang
-- ===============================================================================


-- Nutzer
--
-- Attribute:
-- id email aktualisiert erzeugt hausnr nachname ort password plz 
-- strasse version vorname
--
INSERT INTO NUTZER (ID, EMAIL, PICTURE_ID, AKTUALISIERT, ERZEUGT, NACHNAME, PASSWORD, VERSION, VORNAME) VALUES ('1','arti1011@test.de','999999999','01.08.2007 00:00:00','01.08.2007 00:00:00','Arzner','p',1,'Till');
INSERT INTO NUTZER (ID, EMAIL, PICTURE_ID, AKTUALISIERT, ERZEUGT, NACHNAME, PASSWORD, VERSION, VORNAME) VALUES ('2','mumi1012@test.de','999999999','01.08.2007 00:00:00','01.08.2007 00:00:00','Mueller','p',1,'Michael');
INSERT INTO NUTZER (ID, EMAIL, PICTURE_ID, AKTUALISIERT, ERZEUGT, NACHNAME, PASSWORD, VERSION, VORNAME) VALUES ('3','gupa1012@test.de','999999999','01.08.2007 00:00:00','01.08.2007 00:00:00','Guenther-Schmidt','p',1,'Patrick');
INSERT INTO NUTZER (ID, EMAIL, PICTURE_ID, AKTUALISIERT, ERZEUGT, NACHNAME, PASSWORD, VERSION, VORNAME) VALUES ('4','ride1011@test.de','999999999','01.08.2007 00:00:00','01.08.2007 00:00:00','Richter','p',1,'Dennis');
INSERT INTO NUTZER (ID, EMAIL, PICTURE_ID, AKTUALISIERT, ERZEUGT, NACHNAME, PASSWORD, VERSION, VORNAME) VALUES ('5','seifert@test.de','999999999','01.08.2007 00:00:00','01.08.2007 00:00:00','Seifert','p',1,'Manfred');
INSERT INTO NUTZER (ID, EMAIL, PICTURE_ID, AKTUALISIERT, ERZEUGT, NACHNAME, PASSWORD, VERSION, VORNAME) VALUES ('6','wurst@test.de','999999999','01.08.2007 00:00:00','01.08.2007 00:00:00','Wurst','p',1,'Hans');
INSERT INTO NUTZER (ID, EMAIL, PICTURE_ID, AKTUALISIERT, ERZEUGT, NACHNAME, PASSWORD, VERSION, VORNAME) VALUES ('7','meier@test.de','999999999','01.08.2007 00:00:00','01.08.2007 00:00:00','Meier','p',1,'Klaus');
INSERT INTO NUTZER (ID, EMAIL, PICTURE_ID, AKTUALISIERT, ERZEUGT, NACHNAME, PASSWORD, VERSION, VORNAME) VALUES ('8','chen@test.de','999999999','01.08.2007 00:00:00','01.08.2007 00:00:00','Qudong','p',1,'Chen');
INSERT INTO NUTZER (ID, EMAIL, PICTURE_ID, AKTUALISIERT, ERZEUGT, NACHNAME, PASSWORD, VERSION, VORNAME) VALUES ('9','rastafari@test.de','999999999','01.08.2007 00:00:00','01.08.2007 00:00:00','Rastafari','p',1,'Ralf');
INSERT INTO NUTZER (ID, EMAIL, PICTURE_ID, AKTUALISIERT, ERZEUGT, NACHNAME, PASSWORD, VERSION, VORNAME) VALUES ('10','schmidt@test.de','999999999','01.08.2007 00:00:00','01.08.2007 00:00:00','Schmidt','p',1,'Andreas');
INSERT INTO NUTZER (ID, EMAIL, PICTURE_ID, AKTUALISIERT, ERZEUGT, NACHNAME, PASSWORD, VERSION, VORNAME) VALUES ('11','tischler@test.de','999999999','01.08.2007 00:00:00','01.08.2007 00:00:00','Tischler','p',1,'Thomas');
INSERT INTO NUTZER (ID, EMAIL, PICTURE_ID, AKTUALISIERT, ERZEUGT, NACHNAME, PASSWORD, VERSION, VORNAME) VALUES ('12','ulfudo@test.de','999999999','01.08.2007 00:00:00','01.08.2007 00:00:00','Ulfendoerfer','p',1,'Udo');
INSERT INTO NUTZER (ID, EMAIL, PICTURE_ID, AKTUALISIERT, ERZEUGT, NACHNAME, PASSWORD, VERSION, VORNAME) VALUES ('13','van-persie@test.de','999999999','01.08.2007 00:00:00','01.08.2007 00:00:00','Van-Persie','p',1,'Robin');
INSERT INTO NUTZER (ID, EMAIL, PICTURE_ID, AKTUALISIERT, ERZEUGT, NACHNAME, PASSWORD, VERSION, VORNAME) VALUES ('14','wuerth@test.de','999999999','01.08.2007 00:00:00','01.08.2007 00:00:00','Wuerth','p',1,'Tanja');
INSERT INTO NUTZER (ID, EMAIL, PICTURE_ID, AKTUALISIERT, ERZEUGT, NACHNAME, PASSWORD, VERSION, VORNAME) VALUES ('15','xiando@test.de','999999999','01.08.2007 00:00:00','01.08.2007 00:00:00','Xiando','p',1,'Udo');
INSERT INTO NUTZER (ID, EMAIL, PICTURE_ID, AKTUALISIERT, ERZEUGT, NACHNAME, PASSWORD, VERSION, VORNAME) VALUES ('16','yugo@test.de','999999999','01.08.2007 00:00:00','01.08.2007 00:00:00','Yugo','p',1,'Robin');
INSERT INTO NUTZER (ID, EMAIL, PICTURE_ID, AKTUALISIERT, ERZEUGT, NACHNAME, PASSWORD, VERSION, VORNAME) VALUES ('17','zimmermann@test.de','999999999','01.08.2007 00:00:00','01.08.2007 00:00:00','Zimmermann','p',1,'Juergen');
INSERT INTO NUTZER (ID, EMAIL, PICTURE_ID, AKTUALISIERT, ERZEUGT, NACHNAME, PASSWORD, VERSION, VORNAME) VALUES ('18','sandberg@test.de','999999999','01.08.2007 00:00:00','01.08.2007 00:00:00','Sandberg','p',1,'Samirea');
INSERT INTO NUTZER (ID, EMAIL, PICTURE_ID, AKTUALISIERT, ERZEUGT, NACHNAME, PASSWORD, VERSION, VORNAME) VALUES ('19','schreiber@test.de','999999999','01.08.2007 00:00:00','01.08.2007 00:00:00','Schreiber','p',1,'Robin');
INSERT INTO NUTZER (ID, EMAIL, PICTURE_ID, AKTUALISIERT, ERZEUGT, NACHNAME, PASSWORD, VERSION, VORNAME) VALUES ('20','schieler@test.de','999999999','01.08.2007 00:00:00','01.08.2007 00:00:00','Schieler','p',1,'Juergen');
INSERT INTO NUTZER (ID, EMAIL, PICTURE_ID, AKTUALISIERT, ERZEUGT, NACHNAME, PASSWORD, VERSION, VORNAME) VALUES ('21','alpha@test.de','999999999','01.08.2007 00:00:00','01.08.2007 00:00:00','Alpha','p',1,'Gunther');
INSERT INTO NUTZER (ID, EMAIL, PICTURE_ID, AKTUALISIERT, ERZEUGT, NACHNAME, PASSWORD, VERSION, VORNAME) VALUES ('22','azeloth@test.de','999999999','01.08.2007 00:00:00','01.08.2007 00:00:00','Azeloth','p',1,'Jerry');
INSERT INTO NUTZER (ID, EMAIL, PICTURE_ID, AKTUALISIERT, ERZEUGT, NACHNAME, PASSWORD, VERSION, VORNAME) VALUES ('23','agram@test.de','999999999','01.08.2007 00:00:00','01.08.2007 00:00:00','Agram','p',1,'Bella');
INSERT INTO NUTZER (ID, EMAIL, PICTURE_ID, AKTUALISIERT, ERZEUGT, NACHNAME, PASSWORD, VERSION, VORNAME) VALUES ('24','brown@test.de','999999999','01.08.2007 00:00:00','01.08.2007 00:00:00','Brown','p',1,'Ruven');
INSERT INTO NUTZER (ID, EMAIL, PICTURE_ID, AKTUALISIERT, ERZEUGT, NACHNAME, PASSWORD, VERSION, VORNAME) VALUES ('25','chepster@test.de','999999999','01.08.2007 00:00:00','01.08.2007 00:00:00','Chepster','p',1,'John');
INSERT INTO NUTZER (ID, EMAIL, PICTURE_ID, AKTUALISIERT, ERZEUGT, NACHNAME, PASSWORD, VERSION, VORNAME) VALUES ('26','dammersdorf@test.de','999999999','01.08.2007 00:00:00','01.08.2007 00:00:00','Dammersdorf','p',1,'Bill');
INSERT INTO NUTZER (ID, EMAIL, PICTURE_ID, AKTUALISIERT, ERZEUGT, NACHNAME, PASSWORD, VERSION, VORNAME) VALUES ('27','emster@test.de','999999999','01.08.2007 00:00:00','01.08.2007 00:00:00','Emster','p',1,'Isabell');
INSERT INTO NUTZER (ID, EMAIL, PICTURE_ID, AKTUALISIERT, ERZEUGT, NACHNAME, PASSWORD, VERSION, VORNAME) VALUES ('28','engspitz@test.de','999999999','01.08.2007 00:00:00','01.08.2007 00:00:00','Engspitz','p',1,'Sarah');
INSERT INTO NUTZER (ID, EMAIL, PICTURE_ID, AKTUALISIERT, ERZEUGT, NACHNAME, PASSWORD, VERSION, VORNAME) VALUES ('29','eppstein@test.de','999999999','01.08.2007 00:00:00','01.08.2007 00:00:00','Eppstein','p',1,'Jaqueline');
INSERT INTO NUTZER (ID, EMAIL, PICTURE_ID, AKTUALISIERT, ERZEUGT, NACHNAME, PASSWORD, VERSION, VORNAME) VALUES ('30','elber@test.de','999999999','01.08.2007 00:00:00','01.08.2007 00:00:00','Elber','p',1,'Giovane');
INSERT INTO NUTZER (ID, EMAIL, PICTURE_ID, AKTUALISIERT, ERZEUGT, NACHNAME, PASSWORD, VERSION, VORNAME) VALUES ('31','eckleder@test.de','999999999','01.08.2007 00:00:00','01.08.2007 00:00:00','Eckleder','p',1,'Serafina');
INSERT INTO NUTZER (ID, EMAIL, PICTURE_ID, AKTUALISIERT, ERZEUGT, NACHNAME, PASSWORD, VERSION, VORNAME) VALUES ('32','enigmann@test.de','999999999','01.08.2007 00:00:00','01.08.2007 00:00:00','Enigmann','p',1,'Barbara');
INSERT INTO NUTZER (ID, EMAIL, PICTURE_ID, AKTUALISIERT, ERZEUGT, NACHNAME, PASSWORD, VERSION, VORNAME) VALUES ('33','elfist@test.de','999999999','01.08.2007 00:00:00','01.08.2007 00:00:00','Elfist','p',1,'Walter');
INSERT INTO NUTZER (ID, EMAIL, PICTURE_ID, AKTUALISIERT, ERZEUGT, NACHNAME, PASSWORD, VERSION, VORNAME) VALUES ('34','eckart@test.de','999999999','01.08.2007 00:00:00','01.08.2007 00:00:00','Eckart','p',1,'Timmi');
INSERT INTO NUTZER (ID, EMAIL, PICTURE_ID, AKTUALISIERT, ERZEUGT, NACHNAME, PASSWORD, VERSION, VORNAME) VALUES ('35','frabe@test.de','999999999','01.08.2007 00:00:00','01.08.2007 00:00:00','Frabe','p',1,'Hanna');
INSERT INTO NUTZER (ID, EMAIL, PICTURE_ID, AKTUALISIERT, ERZEUGT, NACHNAME, PASSWORD, VERSION, VORNAME) VALUES ('36','p.islinger@test.de','999999999','01.08.2007 00:00:00','01.08.2007 00:00:00','Islinger','p',1,'Peter');
INSERT INTO NUTZER (ID, EMAIL, PICTURE_ID, AKTUALISIERT, ERZEUGT, NACHNAME, PASSWORD, VERSION, VORNAME) VALUES ('37','m.jaeger@test.de','999999999','01.08.2007 00:00:00','01.08.2007 00:00:00','Jaeger','p',1,'Mark');
INSERT INTO NUTZER (ID, EMAIL, PICTURE_ID, AKTUALISIERT, ERZEUGT, NACHNAME, PASSWORD, VERSION, VORNAME) VALUES ('38','h.kroos@test.de','999999999','01.08.2007 00:00:00','01.08.2007 00:00:00','Kroos','p',1,'Hannelore');
INSERT INTO NUTZER (ID, EMAIL, PICTURE_ID, AKTUALISIERT, ERZEUGT, NACHNAME, PASSWORD, VERSION, VORNAME) VALUES ('39','m.lang@test.de','999999999','01.08.2007 00:00:00','01.08.2007 00:00:00','Lang','p',1,'Michael');
INSERT INTO NUTZER (ID, EMAIL, PICTURE_ID, AKTUALISIERT, ERZEUGT, NACHNAME, PASSWORD, VERSION, VORNAME) VALUES ('40','t.mueller@test.de','999999999','01.08.2007 00:00:00','01.08.2007 00:00:00','Mueller','p',1,'Thomas');
INSERT INTO NUTZER (ID, EMAIL, PICTURE_ID, AKTUALISIERT, ERZEUGT, NACHNAME, PASSWORD, VERSION, VORNAME) VALUES ('41','h.nakamoto@test.de','999999999','01.08.2007 00:00:00','01.08.2007 00:00:00','Nakamoto','p',1,'Hiroshi');
INSERT INTO NUTZER (ID, EMAIL, PICTURE_ID, AKTUALISIERT, ERZEUGT, NACHNAME, PASSWORD, VERSION, VORNAME) VALUES ('42','a.oetker@test.de','999999999','01.08.2007 00:00:00','01.08.2007 00:00:00','Oetker','p',1,'Dr. August');
INSERT INTO NUTZER (ID, EMAIL, PICTURE_ID, AKTUALISIERT, ERZEUGT, NACHNAME, PASSWORD, VERSION, VORNAME) VALUES ('43','a.pele@test.de','999999999','01.08.2007 00:00:00','01.08.2007 00:00:00','Pele','p',1,'Abedi');
INSERT INTO NUTZER (ID, EMAIL, PICTURE_ID, AKTUALISIERT, ERZEUGT, NACHNAME, PASSWORD, VERSION, VORNAME) VALUES ('44','d.quak@test.de','999999999','01.08.2007 00:00:00','01.08.2007 00:00:00','Quak','p',1,'Dagobert');
INSERT INTO NUTZER (ID, EMAIL, PICTURE_ID, AKTUALISIERT, ERZEUGT, NACHNAME, PASSWORD, VERSION, VORNAME) VALUES ('45','n.radtke@test.de','999999999','01.08.2007 00:00:00','01.08.2007 00:00:00','Radtke','p',1,'Nils');
INSERT INTO NUTZER (ID, EMAIL, PICTURE_ID, AKTUALISIERT, ERZEUGT, NACHNAME, PASSWORD, VERSION, VORNAME) VALUES ('46','a.schuerrle@test.de','999999999','01.08.2007 00:00:00','01.08.2007 00:00:00','Schuerrle','p',1,'Andre');
INSERT INTO NUTZER (ID, EMAIL, PICTURE_ID, AKTUALISIERT, ERZEUGT, NACHNAME, PASSWORD, VERSION, VORNAME) VALUES ('47','m.oezil@test.de','999999999','01.08.2007 00:00:00','01.08.2007 00:00:00','Oezil','p',1,'Mesut');
INSERT INTO NUTZER (ID, EMAIL, PICTURE_ID, AKTUALISIERT, ERZEUGT, NACHNAME, PASSWORD, VERSION, VORNAME) VALUES ('48','l.Messi@test.de','999999999','01.08.2007 00:00:00','01.08.2007 00:00:00','Messi','p',1,'Lionel');
INSERT INTO NUTZER (ID, EMAIL, PICTURE_ID, AKTUALISIERT, ERZEUGT, NACHNAME, PASSWORD, VERSION, VORNAME) VALUES ('49','p.mertesacker@test.de','999999999','01.08.2007 00:00:00','01.08.2007 00:00:00','Mertesacker','p',1,'Per');
INSERT INTO NUTZER (ID, EMAIL, PICTURE_ID, AKTUALISIERT, ERZEUGT, NACHNAME, PASSWORD, VERSION, VORNAME) VALUES ('50','s.mustafi@test.de','999999999','01.08.2007 00:00:00','01.08.2007 00:00:00','Mustafi','p',1,'Shkdoran');
INSERT INTO NUTZER (ID, EMAIL, PICTURE_ID, AKTUALISIERT, ERZEUGT, NACHNAME, PASSWORD, VERSION, VORNAME) VALUES ('51','n.okoronkwo@test.de','999999999','01.08.2007 00:00:00','01.08.2007 00:00:00','Okoronkwo','p',1,'Nbasi');
INSERT INTO NUTZER (ID, EMAIL, PICTURE_ID, AKTUALISIERT, ERZEUGT, NACHNAME, PASSWORD, VERSION, VORNAME) VALUES ('52','jj.okocha@test.de','999999999','01.08.2007 00:00:00','01.08.2007 00:00:00','Okocha','p',1,'Jay-Jay');
INSERT INTO NUTZER (ID, EMAIL, PICTURE_ID, AKTUALISIERT, ERZEUGT, NACHNAME, PASSWORD, VERSION, VORNAME) VALUES ('53','g.mueller@test.de','999999999','01.08.2007 00:00:00','01.08.2007 00:00:00','Mueller','p',1,'Gerd');
INSERT INTO NUTZER (ID, EMAIL, PICTURE_ID, AKTUALISIERT, ERZEUGT, NACHNAME, PASSWORD, VERSION, VORNAME) VALUES ('54','l.mathaeus@test.de','999999999','01.08.2007 00:00:00','01.08.2007 00:00:00','Mathaeus','p',1,'Lothar');
INSERT INTO NUTZER (ID, EMAIL, PICTURE_ID, AKTUALISIERT, ERZEUGT, NACHNAME, PASSWORD, VERSION, VORNAME) VALUES ('55','d.marquardt@test.de','999999999','01.08.2007 00:00:00','01.08.2007 00:00:00','Marquardt','p',1,'Dieter');
INSERT INTO NUTZER (ID, EMAIL, PICTURE_ID, AKTUALISIERT, ERZEUGT, NACHNAME, PASSWORD, VERSION, VORNAME) VALUES ('56','w.Obst@test.de','999999999','01.08.2007 00:00:00','01.08.2007 00:00:00','Obst','p',1,'Willi');
INSERT INTO NUTZER (ID, EMAIL, PICTURE_ID, AKTUALISIERT, ERZEUGT, NACHNAME, PASSWORD, VERSION, VORNAME) VALUES ('57','d.otto@test.de','999999999','01.08.2007 00:00:00','01.08.2007 00:00:00','Otto','p',1,'Denis');
INSERT INTO NUTZER (ID, EMAIL, PICTURE_ID, AKTUALISIERT, ERZEUGT, NACHNAME, PASSWORD, VERSION, VORNAME) VALUES ('58','j.ottl@test.de','999999999','01.08.2007 00:00:00','01.08.2007 00:00:00','Ottl','p',1,'Julian');
INSERT INTO NUTZER (ID, EMAIL, PICTURE_ID, AKTUALISIERT, ERZEUGT, NACHNAME, PASSWORD, VERSION, VORNAME) VALUES ('59','j.mendez@test.de','999999999','01.08.2007 00:00:00','01.08.2007 00:00:00','Mendez','p',1,'Juan');
INSERT INTO NUTZER (ID, EMAIL, PICTURE_ID, AKTUALISIERT, ERZEUGT, NACHNAME, PASSWORD, VERSION, VORNAME) VALUES ('60','k.maxi@test.de','999999999','01.08.2007 00:00:00','01.08.2007 00:00:00','Maxi','p',1,'Kosi');
INSERT INTO NUTZER (ID, EMAIL, PICTURE_ID, AKTUALISIERT, ERZEUGT, NACHNAME, PASSWORD, VERSION, VORNAME) VALUES ('61','socher@test.de','999999999','01.08.2007 00:00:00','01.08.2007 00:00:00','Socher','p',1,'Thomas');
INSERT INTO NUTZER (ID, EMAIL, PICTURE_ID, AKTUALISIERT, ERZEUGT, NACHNAME, PASSWORD, VERSION, VORNAME) VALUES ('62','schaefer@test.de','999999999','01.08.2007 00:00:00','01.08.2007 00:00:00','Schaefer','p',1,'Udo');
INSERT INTO NUTZER (ID, EMAIL, PICTURE_ID, AKTUALISIERT, ERZEUGT, NACHNAME, PASSWORD, VERSION, VORNAME) VALUES ('63','schroeder@test.de','999999999','01.08.2007 00:00:00','01.08.2007 00:00:00','Schroeder','p',1,'Robin');
INSERT INTO NUTZER (ID, EMAIL, PICTURE_ID, AKTUALISIERT, ERZEUGT, NACHNAME, PASSWORD, VERSION, VORNAME) VALUES ('64','tilman@test.de','999999999','01.08.2007 00:00:00','01.08.2007 00:00:00','Tilman','p',1,'Tanja');
INSERT INTO NUTZER (ID, EMAIL, PICTURE_ID, AKTUALISIERT, ERZEUGT, NACHNAME, PASSWORD, VERSION, VORNAME) VALUES ('65','thomann@test.de','999999999','01.08.2007 00:00:00','01.08.2007 00:00:00','Thomann','p',1,'Udo');
INSERT INTO NUTZER (ID, EMAIL, PICTURE_ID, AKTUALISIERT, ERZEUGT, NACHNAME, PASSWORD, VERSION, VORNAME) VALUES ('66','tanner@test.de','999999999','01.08.2007 00:00:00','01.08.2007 00:00:00','Tanner','p',1,'Robin');
INSERT INTO NUTZER (ID, EMAIL, PICTURE_ID, AKTUALISIERT, ERZEUGT, NACHNAME, PASSWORD, VERSION, VORNAME) VALUES ('67','trostmann@test.de','999999999','01.08.2007 00:00:00','01.08.2007 00:00:00','Trostmann','p',1,'Juergen');
INSERT INTO NUTZER (ID, EMAIL, PICTURE_ID, AKTUALISIERT, ERZEUGT, NACHNAME, PASSWORD, VERSION, VORNAME) VALUES ('68','topf@test.de','999999999','01.08.2007 00:00:00','01.08.2007 00:00:00','Topf','p',1,'Udo');
INSERT INTO NUTZER (ID, EMAIL, PICTURE_ID, AKTUALISIERT, ERZEUGT, NACHNAME, PASSWORD, VERSION, VORNAME) VALUES ('69','triebel@test.de','999999999','01.08.2007 00:00:00','01.08.2007 00:00:00','Triebel','p',1,'Robin');
INSERT INTO NUTZER (ID, EMAIL, PICTURE_ID, AKTUALISIERT, ERZEUGT, NACHNAME, PASSWORD, VERSION, VORNAME) VALUES ('70','tawil@test.de','999999999','01.08.2007 00:00:00','01.08.2007 00:00:00','Tawil','p',1,'Adel');
INSERT INTO NUTZER (ID, EMAIL, PICTURE_ID, AKTUALISIERT, ERZEUGT, NACHNAME, PASSWORD, VERSION, VORNAME) VALUES ('71','fauli@test.de','999999999','01.08.2007 00:00:00','01.08.2007 00:00:00','Fauli','p',1,'Fabse');
INSERT INTO NUTZER (ID, EMAIL, PICTURE_ID, AKTUALISIERT, ERZEUGT, NACHNAME, PASSWORD, VERSION, VORNAME) VALUES ('72','grosskopf@test.de','999999999','01.08.2007 00:00:00','01.08.2007 00:00:00','Grosskopf','p',1,'Linda');
INSERT INTO NUTZER (ID, EMAIL, PICTURE_ID, AKTUALISIERT, ERZEUGT, NACHNAME, PASSWORD, VERSION, VORNAME) VALUES ('73','general@test.de','999999999','01.08.2007 00:00:00','01.08.2007 00:00:00','General','p',1,'Nautilus');
INSERT INTO NUTZER (ID, EMAIL, PICTURE_ID, AKTUALISIERT, ERZEUGT, NACHNAME, PASSWORD, VERSION, VORNAME) VALUES ('74','harten@test.de','999999999','01.08.2007 00:00:00','01.08.2007 00:00:00','Harten','p',1,'Christian');
INSERT INTO NUTZER (ID, EMAIL, PICTURE_ID, AKTUALISIERT, ERZEUGT, NACHNAME, PASSWORD, VERSION, VORNAME) VALUES ('75','heber@test.de','999999999','01.08.2007 00:00:00','01.08.2007 00:00:00','Heber','p',1,'Aron');
INSERT INTO NUTZER (ID, EMAIL, PICTURE_ID, AKTUALISIERT, ERZEUGT, NACHNAME, PASSWORD, VERSION, VORNAME) VALUES ('76','hipster@test.de','999999999','01.08.2007 00:00:00','01.08.2007 00:00:00','Hipster','p',1,'Heino');
INSERT INTO NUTZER (ID, EMAIL, PICTURE_ID, AKTUALISIERT, ERZEUGT, NACHNAME, PASSWORD, VERSION, VORNAME) VALUES ('77','hauser@test.de','999999999','01.08.2007 00:00:00','01.08.2007 00:00:00','Hauser','p',1,'Irene');
INSERT INTO NUTZER (ID, EMAIL, PICTURE_ID, AKTUALISIERT, ERZEUGT, NACHNAME, PASSWORD, VERSION, VORNAME) VALUES ('78','abu@test.de','999999999','01.08.2007 00:00:00','01.08.2007 00:00:00','Abu','p',1,'Richard');
INSERT INTO NUTZER (ID, EMAIL, PICTURE_ID, AKTUALISIERT, ERZEUGT, NACHNAME, PASSWORD, VERSION, VORNAME) VALUES ('79','anger@test.de','999999999','01.08.2007 00:00:00','01.08.2007 00:00:00','Anger','p',1,'Valentin');
INSERT INTO NUTZER (ID, EMAIL, PICTURE_ID, AKTUALISIERT, ERZEUGT, NACHNAME, PASSWORD, VERSION, VORNAME) VALUES ('80','austung@test.de','999999999','01.08.2007 00:00:00','01.08.2007 00:00:00','Austung','p',1,'Jeremy');

-- Adresse

-- Attribute
-- id aktualisiert erzeugt hausnr ort plz strasse nutzer_fk
-- WICHTIG: Adresse muss in Deutschland gültig sein, eindeutig für GoogleMaps-API
INSERT INTO ADRESSE (ID, AKTUALISIERT, ERZEUGT, HAUSNR, ORT, PLZ, STRASSE, NUTZER_FK) VALUES ('101','01.08.2007 00:00:00','01.08.2007 00:00:00','4','Busenbach','76337','Carl-Benz-Str.','1');      
INSERT INTO ADRESSE (ID, AKTUALISIERT, ERZEUGT, HAUSNR, ORT, PLZ, STRASSE, NUTZER_FK) VALUES ('102','01.08.2007 00:00:00','01.08.2007 00:00:00','36','Karlsruhe','76133','Durlacher Allee', '2');
INSERT INTO ADRESSE (ID, AKTUALISIERT, ERZEUGT, HAUSNR, ORT, PLZ, STRASSE, NUTZER_FK) VALUES ('103','01.08.2007 00:00:00','01.08.2007 00:00:00','8','Leimersheim','76774','Im Niederhorst','3');
INSERT INTO ADRESSE (ID, AKTUALISIERT, ERZEUGT, HAUSNR, ORT, PLZ, STRASSE, NUTZER_FK) VALUES ('104','01.08.2007 00:00:00','01.08.2007 00:00:00','11','Malsch','76316','Dieter-Suess-Strasse','4');
INSERT INTO ADRESSE (ID, AKTUALISIERT, ERZEUGT, HAUSNR, ORT, PLZ, STRASSE, NUTZER_FK) VALUES ('105','01.08.2007 00:00:00','01.08.2007 00:00:00','30','Karlsruhe','76133','Moltkestrasse','5');
INSERT INTO ADRESSE (ID, AKTUALISIERT, ERZEUGT, HAUSNR, ORT, PLZ, STRASSE, NUTZER_FK) VALUES ('106','01.08.2007 00:00:00','01.08.2007 00:00:00','21','Tuebingen','72072','Friedrichstrasse','6');
INSERT INTO ADRESSE (ID, AKTUALISIERT, ERZEUGT, HAUSNR, ORT, PLZ, STRASSE, NUTZER_FK) VALUES ('107','01.08.2007 00:00:00','01.08.2007 00:00:00','51','Berlin','10117','Wilhelmstrasse','7');
INSERT INTO ADRESSE (ID, AKTUALISIERT, ERZEUGT, HAUSNR, ORT, PLZ, STRASSE, NUTZER_FK) VALUES ('108','01.08.2007 00:00:00','01.08.2007 00:00:00','25','Muenchen','80995','Lassallestrasse','8');
INSERT INTO ADRESSE (ID, AKTUALISIERT, ERZEUGT, HAUSNR, ORT, PLZ, STRASSE, NUTZER_FK) VALUES ('109','01.08.2007 00:00:00','01.08.2007 00:00:00','1','Hamburg','20354','Dammtorwall','9');
INSERT INTO ADRESSE (ID, AKTUALISIERT, ERZEUGT, HAUSNR, ORT, PLZ, STRASSE, NUTZER_FK) VALUES ('110','01.08.2007 00:00:00','01.08.2007 00:00:00','77','Essen','45141','Arendahls Wiese','10');
INSERT INTO ADRESSE (ID, AKTUALISIERT, ERZEUGT, HAUSNR, ORT, PLZ, STRASSE, NUTZER_FK) VALUES ('111','01.08.2007 00:00:00','01.08.2007 00:00:00','21','Tuebingen','72072','Friedrichstrasse','11');
INSERT INTO ADRESSE (ID, AKTUALISIERT, ERZEUGT, HAUSNR, ORT, PLZ, STRASSE, NUTZER_FK) VALUES ('112','01.08.2007 00:00:00','01.08.2007 00:00:00','51','Berlin','10117','Wilhelmstrasse','12');
INSERT INTO ADRESSE (ID, AKTUALISIERT, ERZEUGT, HAUSNR, ORT, PLZ, STRASSE, NUTZER_FK) VALUES ('113','01.08.2007 00:00:00','01.08.2007 00:00:00','25','Muenchen','80995','Lassallestrasse','13');
INSERT INTO ADRESSE (ID, AKTUALISIERT, ERZEUGT, HAUSNR, ORT, PLZ, STRASSE, NUTZER_FK) VALUES ('114','01.08.2007 00:00:00','01.08.2007 00:00:00','1','Hamburg','20354','Dammtorwall','14');
INSERT INTO ADRESSE (ID, AKTUALISIERT, ERZEUGT, HAUSNR, ORT, PLZ, STRASSE, NUTZER_FK) VALUES ('115','01.08.2007 00:00:00','01.08.2007 00:00:00','77','Essen','45141','Arendahls Wiese','15');
INSERT INTO ADRESSE (ID, AKTUALISIERT, ERZEUGT, HAUSNR, ORT, PLZ, STRASSE, NUTZER_FK) VALUES ('116','01.08.2007 00:00:00','01.08.2007 00:00:00','21','Tuebingen','72072','Friedrichstrasse','16');
INSERT INTO ADRESSE (ID, AKTUALISIERT, ERZEUGT, HAUSNR, ORT, PLZ, STRASSE, NUTZER_FK) VALUES ('117','01.08.2007 00:00:00','01.08.2007 00:00:00','51','Berlin','10117','Wilhelmstrasse','17');
INSERT INTO ADRESSE (ID, AKTUALISIERT, ERZEUGT, HAUSNR, ORT, PLZ, STRASSE, NUTZER_FK) VALUES ('118','01.08.2007 00:00:00','01.08.2007 00:00:00','25','Muenchen','80995','Lassallestrasse','18');
INSERT INTO ADRESSE (ID, AKTUALISIERT, ERZEUGT, HAUSNR, ORT, PLZ, STRASSE, NUTZER_FK) VALUES ('119','01.08.2007 00:00:00','01.08.2007 00:00:00','1','Hamburg','20354','Dammtorwall','19');
INSERT INTO ADRESSE (ID, AKTUALISIERT, ERZEUGT, HAUSNR, ORT, PLZ, STRASSE, NUTZER_FK) VALUES ('120','01.08.2007 00:00:00','01.08.2007 00:00:00','77','Essen','45141','Arendahls Wiese','20');
INSERT INTO ADRESSE (ID, AKTUALISIERT, ERZEUGT, HAUSNR, ORT, PLZ, STRASSE, NUTZER_FK) VALUES ('121','01.08.2007 00:00:00','01.08.2007 00:00:00','13','Karlsruhe','76131','Markgrafenstrasse','21');
INSERT INTO ADRESSE (ID, AKTUALISIERT, ERZEUGT, HAUSNR, ORT, PLZ, STRASSE, NUTZER_FK) VALUES ('122','01.08.2007 00:00:00','01.08.2007 00:00:00','1','Spessart','76275','Tannenfeldring','22');
INSERT INTO ADRESSE (ID, AKTUALISIERT, ERZEUGT, HAUSNR, ORT, PLZ, STRASSE, NUTZER_FK) VALUES ('123','01.08.2007 00:00:00','01.08.2007 00:00:00','22','Ettlingen','76275','Zehntwiesenstrasse','23');
INSERT INTO ADRESSE (ID, AKTUALISIERT, ERZEUGT, HAUSNR, ORT, PLZ, STRASSE, NUTZER_FK) VALUES ('124','01.08.2007 00:00:00','01.08.2007 00:00:00','45','Karlsruhe','76137','Jollystrasse','24');
INSERT INTO ADRESSE (ID, AKTUALISIERT, ERZEUGT, HAUSNR, ORT, PLZ, STRASSE, NUTZER_FK) VALUES ('125','01.08.2007 00:00:00','01.08.2007 00:00:00','7','Karlsruhe','76149','Alte Kreisstrasse','25');
INSERT INTO ADRESSE (ID, AKTUALISIERT, ERZEUGT, HAUSNR, ORT, PLZ, STRASSE, NUTZER_FK) VALUES ('126','01.08.2007 00:00:00','01.08.2007 00:00:00','13','Karlsruhe','76131','Markgrafenstrasse','26');
INSERT INTO ADRESSE (ID, AKTUALISIERT, ERZEUGT, HAUSNR, ORT, PLZ, STRASSE, NUTZER_FK) VALUES ('127','01.08.2007 00:00:00','01.08.2007 00:00:00','13','Karlsruhe','76131','Markgrafenstrasse','27');
INSERT INTO ADRESSE (ID, AKTUALISIERT, ERZEUGT, HAUSNR, ORT, PLZ, STRASSE, NUTZER_FK) VALUES ('128','01.08.2007 00:00:00','01.08.2007 00:00:00','13','Karlsruhe','76131','Markgrafenstrasse','28');
INSERT INTO ADRESSE (ID, AKTUALISIERT, ERZEUGT, HAUSNR, ORT, PLZ, STRASSE, NUTZER_FK) VALUES ('129','01.08.2007 00:00:00','01.08.2007 00:00:00','13','Karlsruhe','76131','Markgrafenstrasse','29');
INSERT INTO ADRESSE (ID, AKTUALISIERT, ERZEUGT, HAUSNR, ORT, PLZ, STRASSE, NUTZER_FK) VALUES ('130','01.08.2007 00:00:00','01.08.2007 00:00:00','1','Spessart','76275','Tannenfeldring','30');
INSERT INTO ADRESSE (ID, AKTUALISIERT, ERZEUGT, HAUSNR, ORT, PLZ, STRASSE, NUTZER_FK) VALUES ('131','01.08.2007 00:00:00','01.08.2007 00:00:00','1','Spessart','76275','Tannenfeldring','31');
INSERT INTO ADRESSE (ID, AKTUALISIERT, ERZEUGT, HAUSNR, ORT, PLZ, STRASSE, NUTZER_FK) VALUES ('132','01.08.2007 00:00:00','01.08.2007 00:00:00','1','Spessart','76275','Tannenfeldring','32');
INSERT INTO ADRESSE (ID, AKTUALISIERT, ERZEUGT, HAUSNR, ORT, PLZ, STRASSE, NUTZER_FK) VALUES ('133','01.08.2007 00:00:00','01.08.2007 00:00:00','1','Spessart','76275','Tannenfeldring','33');
INSERT INTO ADRESSE (ID, AKTUALISIERT, ERZEUGT, HAUSNR, ORT, PLZ, STRASSE, NUTZER_FK) VALUES ('134','01.08.2007 00:00:00','01.08.2007 00:00:00','22','Ettlingen','76275','Zehntwiesenstrasse','34');
INSERT INTO ADRESSE (ID, AKTUALISIERT, ERZEUGT, HAUSNR, ORT, PLZ, STRASSE, NUTZER_FK) VALUES ('135','01.08.2007 00:00:00','01.08.2007 00:00:00','22','Ettlingen','76275','Zehntwiesenstrasse','35');
INSERT INTO ADRESSE (ID, AKTUALISIERT, ERZEUGT, HAUSNR, ORT, PLZ, STRASSE, NUTZER_FK) VALUES ('136','01.08.2007 00:00:00','01.08.2007 00:00:00','4','Busenbach','76337','Carl-Benz-Str.','36');
INSERT INTO ADRESSE (ID, AKTUALISIERT, ERZEUGT, HAUSNR, ORT, PLZ, STRASSE, NUTZER_FK) VALUES ('137','01.08.2007 00:00:00','01.08.2007 00:00:00','36','Karlsruhe','76133','Durlacher Allee', '37');
INSERT INTO ADRESSE (ID, AKTUALISIERT, ERZEUGT, HAUSNR, ORT, PLZ, STRASSE, NUTZER_FK) VALUES ('138','01.08.2007 00:00:00','01.08.2007 00:00:00','4','Pfalzdorf','12345','Pfaelzer-Weinschorle-Strasse','38');
INSERT INTO ADRESSE (ID, AKTUALISIERT, ERZEUGT, HAUSNR, ORT, PLZ, STRASSE, NUTZER_FK) VALUES ('139','01.08.2007 00:00:00','01.08.2007 00:00:00','4','Malsch','34569','Suff-Strasse','39');
INSERT INTO ADRESSE (ID, AKTUALISIERT, ERZEUGT, HAUSNR, ORT, PLZ, STRASSE, NUTZER_FK) VALUES ('140','01.08.2007 00:00:00','01.08.2007 00:00:00','4','Malsch','34569','Sauefer-Allee','40');
INSERT INTO ADRESSE (ID, AKTUALISIERT, ERZEUGT, HAUSNR, ORT, PLZ, STRASSE, NUTZER_FK) VALUES ('141','01.08.2007 00:00:00','01.08.2007 00:00:00','8','Durmersheim','76448','Im Grund','41');
INSERT INTO ADRESSE (ID, AKTUALISIERT, ERZEUGT, HAUSNR, ORT, PLZ, STRASSE, NUTZER_FK) VALUES ('142','01.08.2007 00:00:00','01.08.2007 00:00:00','99','Karlsruhe','76131','Kaisersalle','42');
INSERT INTO ADRESSE (ID, AKTUALISIERT, ERZEUGT, HAUSNR, ORT, PLZ, STRASSE, NUTZER_FK) VALUES ('143','01.08.2007 00:00:00','01.08.2007 00:00:00','1','Berlin','12161','Walther-Schreiber-Platz','43');
INSERT INTO ADRESSE (ID, AKTUALISIERT, ERZEUGT, HAUSNR, ORT, PLZ, STRASSE, NUTZER_FK) VALUES ('144','01.08.2007 00:00:00','01.08.2007 00:00:00','13','Karlsruhe','76135','Windeckstrasse','44');
INSERT INTO ADRESSE (ID, AKTUALISIERT, ERZEUGT, HAUSNR, ORT, PLZ, STRASSE, NUTZER_FK) VALUES ('145','01.08.2007 00:00:00','01.08.2007 00:00:00','9','Karlsruhe','76131','Gerwigstrasse','45');
INSERT INTO ADRESSE (ID, AKTUALISIERT, ERZEUGT, HAUSNR, ORT, PLZ, STRASSE, NUTZER_FK) VALUES ('146','01.08.2007 00:00:00','01.08.2007 00:00:00','16','Karlsrue','76189','Rheinhafenstrasse','46');
INSERT INTO ADRESSE (ID, AKTUALISIERT, ERZEUGT, HAUSNR, ORT, PLZ, STRASSE, NUTZER_FK) VALUES ('147','01.08.2007 00:00:00','01.08.2007 00:00:00','8','Durmersheim','76448','Im Grund','47');
INSERT INTO ADRESSE (ID, AKTUALISIERT, ERZEUGT, HAUSNR, ORT, PLZ, STRASSE, NUTZER_FK) VALUES ('148','01.08.2007 00:00:00','01.08.2007 00:00:00','99','Karlsruhe','76131','Kaisersalle','48');
INSERT INTO ADRESSE (ID, AKTUALISIERT, ERZEUGT, HAUSNR, ORT, PLZ, STRASSE, NUTZER_FK) VALUES ('149','01.08.2007 00:00:00','01.08.2007 00:00:00','1','Berlin','12161','Walther-Schreiber-Platz','49');
INSERT INTO ADRESSE (ID, AKTUALISIERT, ERZEUGT, HAUSNR, ORT, PLZ, STRASSE, NUTZER_FK) VALUES ('150','01.08.2007 00:00:00','01.08.2007 00:00:00','13','Karlsruhe','76135','Windeckstrasse','50');
INSERT INTO ADRESSE (ID, AKTUALISIERT, ERZEUGT, HAUSNR, ORT, PLZ, STRASSE, NUTZER_FK) VALUES ('151','01.08.2007 00:00:00','01.08.2007 00:00:00','9','Karlsruhe','76131','Gerwigstrasse','51');
INSERT INTO ADRESSE (ID, AKTUALISIERT, ERZEUGT, HAUSNR, ORT, PLZ, STRASSE, NUTZER_FK) VALUES ('152','01.08.2007 00:00:00','01.08.2007 00:00:00','16','Karlsrue','76189','Rheinhafenstrasse','52');
INSERT INTO ADRESSE (ID, AKTUALISIERT, ERZEUGT, HAUSNR, ORT, PLZ, STRASSE, NUTZER_FK) VALUES ('153','01.08.2007 00:00:00','01.08.2007 00:00:00','8','Durmersheim','76448','Im Grund','53');
INSERT INTO ADRESSE (ID, AKTUALISIERT, ERZEUGT, HAUSNR, ORT, PLZ, STRASSE, NUTZER_FK) VALUES ('154','01.08.2007 00:00:00','01.08.2007 00:00:00','99','Karlsruhe','76131','Kaisersalle','54');
INSERT INTO ADRESSE (ID, AKTUALISIERT, ERZEUGT, HAUSNR, ORT, PLZ, STRASSE, NUTZER_FK) VALUES ('155','01.08.2007 00:00:00','01.08.2007 00:00:00','1','Berlin','12161','Walther-Schreiber-Platz','55');
INSERT INTO ADRESSE (ID, AKTUALISIERT, ERZEUGT, HAUSNR, ORT, PLZ, STRASSE, NUTZER_FK) VALUES ('156','01.08.2007 00:00:00','01.08.2007 00:00:00','13','Karlsruhe','76135','Windeckstrasse','56');
INSERT INTO ADRESSE (ID, AKTUALISIERT, ERZEUGT, HAUSNR, ORT, PLZ, STRASSE, NUTZER_FK) VALUES ('157','01.08.2007 00:00:00','01.08.2007 00:00:00','9','Karlsruhe','76131','Gerwigstrasse','57');
INSERT INTO ADRESSE (ID, AKTUALISIERT, ERZEUGT, HAUSNR, ORT, PLZ, STRASSE, NUTZER_FK) VALUES ('158','01.08.2007 00:00:00','01.08.2007 00:00:00','16','Karlsrue','76189','Rheinhafenstrasse','58');
INSERT INTO ADRESSE (ID, AKTUALISIERT, ERZEUGT, HAUSNR, ORT, PLZ, STRASSE, NUTZER_FK) VALUES ('159','01.08.2007 00:00:00','01.08.2007 00:00:00','8','Durmersheim','76448','Im Grund','59');
INSERT INTO ADRESSE (ID, AKTUALISIERT, ERZEUGT, HAUSNR, ORT, PLZ, STRASSE, NUTZER_FK) VALUES ('160','01.08.2007 00:00:00','01.08.2007 00:00:00','99','Karlsruhe','76131','Kaisersalle','60');
INSERT INTO ADRESSE (ID, AKTUALISIERT, ERZEUGT, HAUSNR, ORT, PLZ, STRASSE, NUTZER_FK) VALUES ('161','01.08.2007 00:00:00','01.08.2007 00:00:00','21','Tuebingen','72072','Friedrichstrasse','61');
INSERT INTO ADRESSE (ID, AKTUALISIERT, ERZEUGT, HAUSNR, ORT, PLZ, STRASSE, NUTZER_FK) VALUES ('162','01.08.2007 00:00:00','01.08.2007 00:00:00','51','Berlin','10117','Wilhelmstrasse','62');
INSERT INTO ADRESSE (ID, AKTUALISIERT, ERZEUGT, HAUSNR, ORT, PLZ, STRASSE, NUTZER_FK) VALUES ('163','01.08.2007 00:00:00','01.08.2007 00:00:00','25','Muenchen','80995','Lassallestrasse','63');
INSERT INTO ADRESSE (ID, AKTUALISIERT, ERZEUGT, HAUSNR, ORT, PLZ, STRASSE, NUTZER_FK) VALUES ('164','01.08.2007 00:00:00','01.08.2007 00:00:00','1','Hamburg','20354','Dammtorwall','64');
INSERT INTO ADRESSE (ID, AKTUALISIERT, ERZEUGT, HAUSNR, ORT, PLZ, STRASSE, NUTZER_FK) VALUES ('165','01.08.2007 00:00:00','01.08.2007 00:00:00','77','Essen','45141','Arendahls Wiese','65');
INSERT INTO ADRESSE (ID, AKTUALISIERT, ERZEUGT, HAUSNR, ORT, PLZ, STRASSE, NUTZER_FK) VALUES ('166','01.08.2007 00:00:00','01.08.2007 00:00:00','21','Tuebingen','72072','Friedrichstrasse','66');
INSERT INTO ADRESSE (ID, AKTUALISIERT, ERZEUGT, HAUSNR, ORT, PLZ, STRASSE, NUTZER_FK) VALUES ('167','01.08.2007 00:00:00','01.08.2007 00:00:00','51','Berlin','10117','Wilhelmstrasse','67');
INSERT INTO ADRESSE (ID, AKTUALISIERT, ERZEUGT, HAUSNR, ORT, PLZ, STRASSE, NUTZER_FK) VALUES ('168','01.08.2007 00:00:00','01.08.2007 00:00:00','25','Muenchen','80995','Lassallestrasse','68');
INSERT INTO ADRESSE (ID, AKTUALISIERT, ERZEUGT, HAUSNR, ORT, PLZ, STRASSE, NUTZER_FK) VALUES ('169','01.08.2007 00:00:00','01.08.2007 00:00:00','1','Hamburg','20354','Dammtorwall','69');
INSERT INTO ADRESSE (ID, AKTUALISIERT, ERZEUGT, HAUSNR, ORT, PLZ, STRASSE, NUTZER_FK) VALUES ('170','01.08.2007 00:00:00','01.08.2007 00:00:00','1','Hamburg','20354','Dammtorwall','70');
INSERT INTO ADRESSE (ID, AKTUALISIERT, ERZEUGT, HAUSNR, ORT, PLZ, STRASSE, NUTZER_FK) VALUES ('171','01.08.2007 00:00:00','01.08.2007 00:00:00','22','Ettlingen','76275','Zehntwiesenstrasse','71');
INSERT INTO ADRESSE (ID, AKTUALISIERT, ERZEUGT, HAUSNR, ORT, PLZ, STRASSE, NUTZER_FK) VALUES ('172','01.08.2007 00:00:00','01.08.2007 00:00:00','22','Ettlingen','76275','Zehntwiesenstrasse','72');
INSERT INTO ADRESSE (ID, AKTUALISIERT, ERZEUGT, HAUSNR, ORT, PLZ, STRASSE, NUTZER_FK) VALUES ('173','01.08.2007 00:00:00','01.08.2007 00:00:00','22','Ettlingen','76275','Zehntwiesenstrasse','73');
INSERT INTO ADRESSE (ID, AKTUALISIERT, ERZEUGT, HAUSNR, ORT, PLZ, STRASSE, NUTZER_FK) VALUES ('174','01.08.2007 00:00:00','01.08.2007 00:00:00','45','Karlsruhe','76137','Jollystrasse','74');
INSERT INTO ADRESSE (ID, AKTUALISIERT, ERZEUGT, HAUSNR, ORT, PLZ, STRASSE, NUTZER_FK) VALUES ('175','01.08.2007 00:00:00','01.08.2007 00:00:00','45','Karlsruhe','76137','Jollystrasse','75');
INSERT INTO ADRESSE (ID, AKTUALISIERT, ERZEUGT, HAUSNR, ORT, PLZ, STRASSE, NUTZER_FK) VALUES ('176','01.08.2007 00:00:00','01.08.2007 00:00:00','45','Karlsruhe','76137','Jollystrasse','76');
INSERT INTO ADRESSE (ID, AKTUALISIERT, ERZEUGT, HAUSNR, ORT, PLZ, STRASSE, NUTZER_FK) VALUES ('177','01.08.2007 00:00:00','01.08.2007 00:00:00','45','Karlsruhe','76137','Jollystrasse','77');
INSERT INTO ADRESSE (ID, AKTUALISIERT, ERZEUGT, HAUSNR, ORT, PLZ, STRASSE, NUTZER_FK) VALUES ('178','01.08.2007 00:00:00','01.08.2007 00:00:00','7','Karlsruhe','76149','Alte Kreisstrasse','78');
INSERT INTO ADRESSE (ID, AKTUALISIERT, ERZEUGT, HAUSNR, ORT, PLZ, STRASSE, NUTZER_FK) VALUES ('179','01.08.2007 00:00:00','01.08.2007 00:00:00','7','Karlsruhe','76149','Alte Kreisstrasse','79');
INSERT INTO ADRESSE (ID, AKTUALISIERT, ERZEUGT, HAUSNR, ORT, PLZ, STRASSE, NUTZER_FK) VALUES ('180','01.08.2007 00:00:00','01.08.2007 00:00:00','7','Karlsruhe','76149','Alte Kreisstrasse','80');


--INSERT INTO PROFILEPICTURE (USER_ID, ERZEUGT, IMAGEDATASTRINGSMALL, IMAGEDATASTRING) VALUES ('1','01.08.2007 00:00:00','_9j_4AAQSkZJRgABAQAAAQABAAD_2wBDAAEBAQEBAQEBAQEBAQEBAQEBAQEBAQEBAQEBAQEBAQEBAQEBAQEBAQEBAQEBAQEBAQEBAQEBAQEBAQEBAQEBAQH_2wBDAQEBAQEBAQEBAQEBAQEBAQEBAQEBAQEBAQEBAQEBAQEBAQEBAQEBAQEBAQEBAQEBAQEBAQEBAQEBAQEBAQEBAQH_wAARCAB4AHgDASIAAhEBAxEB_8QAHwAAAQUBAQEBAQEAAAAAAAAAAAECAwQFBgcICQoL_8QAtRAAAgEDAwIEAwUFBAQAAAF9AQIDAAQRBRIhMUEGE1FhByJxFDKBkaEII0KxwRVS0fAkM2JyggkKFhcYGRolJicoKSo0NTY3ODk6Q0RFRkdISUpTVFVWV1hZWmNkZWZnaGlqc3R1dnd4eXqDhIWGh4iJipKTlJWWl5iZmqKjpKWmp6ipqrKztLW2t7i5usLDxMXGx8jJytLT1NXW19jZ2uHi4-Tl5ufo6erx8vP09fb3-Pn6_8QAHwEAAwEBAQEBAQEBAQAAAAAAAAECAwQFBgcICQoL_8QAtREAAgECBAQDBAcFBAQAAQJ3AAECAxEEBSExBhJBUQdhcRMiMoEIFEKRobHBCSMzUvAVYnLRChYkNOEl8RcYGRomJygpKjU2Nzg5OkNERUZHSElKU1RVVldYWVpjZGVmZ2hpanN0dXZ3eHl6goOEhYaHiImKkpOUlZaXmJmaoqOkpaanqKmqsrO0tba3uLm6wsPExcbHyMnK0tPU1dbX2Nna4uPk5ebn6Onq8vP09fb3-Pn6_9oADAMBAAIRAxEAPwD9d4vGBCgb1DcDIBGeZAOd_oP1PIIq5F4ycZAl5HBOSduSeR8-M4PvzgHJFcCmn2qEh0yVI5z1O58DkEcj9Qeck5siC06BAmSoA56ZYEnr0wD-IHOaytS7w_8AAl5f3vJfhvbXyvd8un8vTl_v9eX_AMme9nf0uDxufKYNKXbtxyeoHVuSeMenPNULnxGt0Szqec4O1QcZYdd3sPocjuCfOhaRpIx-0KAD8o3gY55LA8884x2JySat_uEzvuVUADBYHBA3dMgcY7jIxjnJOYUYJt8ykltFNvS7S2b2te3ZLVJEL44xScr9Uk9nPTRvfS3ezVtDo3vI53xknJyOeoywPAwAcrgE-4wSNxmTXdLsgBLMg3gqu6X5cqxBXcrMN_ILRMA-C5IIDE_Dnx__AGrPh_8AB_StUnl8beGNOns4SCLy4hvbl5Sm4_Z7WHUYkIhZlz80uXxNNbC0KTy_hN8bf-Cs-oaxd3EHhFLua7tJXzq8U1zYiZ1YCG4traKRJIWeJmVvtL3MiPG0EXlwyP5nz2O4mwuGqyw2GpVcbXgkpQoKDpRV5JqVWU1CNl0dn3d1ZfQYHh_GYyEKtSUcNRldKVXSTa5lpTceeSbivejdLmW6Wv8ATBpfjDw9pWr-M7WVtOgu5vE0-oxX01sk0aWl3Y6Y8q7UieWVg4EgkGY7aPyp3fygqnb-Hms6MuoeJ_7D2Sve3GlXjxhWjPnGxkhluAGVUWBniYm5jXa7siBfMEmP5NPA_wDwUr-L3iu7lsr3RbbU7maKR4btbjVoJXntLaWUsz2-pIYP3chVZNoTftivAEa4B-u_hL-3345-1vpfhrxEmn6lLNamLS9Rt7C-g1W4WaJk0uG4lRb0yte3V75uy5RJkEsMYurjZa150OKadOsqeKwtajCWrlFwqKCTXKnyTeya1i31i9WpHbU4TxXspVKNalVaUVGK51dq925OFlzKzS0s7pts_pZmubuT95NMC4O1cAbUJLKBCm_HzEn5hlzwC4B21zlxbXVyXkuJ2jtVYFY3cKZirysXnOeYkHAjD4JUuzMCc_Bn7N37avh_4rkeHfiBNZeBfHLXgsoND1C7ubaTUljFqBJZm-trW3guJJLhbebSIp5blfJuPLluIo5rhftbUNXM6NZ28nmqigzbTgCJsiOGPcVAa4BVVl5RULkfMVB-qwOKo4mmq1CopUpK-rtJaW99XfL8MbJtfEldux8zVoVsJVlRrwcJxdmmtHZyvyydk9t09LdW9YZ7p5n8mKRolYwpKQNv7tDIUjQ8bSyrvkO3O6WJAWJGc8667EBZP3BuQAoGA8Nus0ieVg4AIYIjFgGeWLGdrA511fLHHcrgAxQsrspPykkySbSw5eRgsSZzwrEDcc1i-cfPgjYri3iLyDjClRJDHFlTgFC0kjFv7q4ZnAz2whZSTfMpNPr5db_3dPmr2REVZbX-Ue7_AL3Zfnq2nfrY9bfy5Az4MZs2JJGPNnLRykAHO0W-U28AKyHYCHrn_FYPibwz4t0BzuF_p2rRwnHyYuLdimRklgJVwQvz5MQJ8wFji2k7yPCrMD5yzSPnJGFEJizg5yFmCg5JykpztOGtWd7OfIYYdSnlzKQcmORiGLZYEAOvmAkHI35JBBptQteVrJWu9LbpatvrZrzvq2Jx022traPSS397XZ79XvofNngbVbqz8O-FPF0PmH-xpX8L-IFyx2adc3LeR55cK2y1uXMOZB5US3W7bgtRU3gmOK38T_EjwFfkR6fqd3fMYsgbVmlnaN48sSQkUyPEeoaMShiH3Erki5xT5JO13e3k2rvtfder10u9_aU7v2nLBq1uZr3ldO6utr-urkrt8zf2tImVP70ZLDgbOMM_OM54HOD64yTg1mmK5eVlRt3TnAxyW9G9AOgznPXBrcg0eWdWwEXOeoG9SWYZ-7gnuP8AgIOTWlZeHrtTmNtwU5JOB0L9MKcjGe454yc0tfy_m_u_8D9PsnKc3Do9_MSQDuBXoowQCe5PHA_A5znHPxb-2F8c9N-Cvh_7GdZ0-01ua0vJ7qCWaUXK2MmlatJDFbLEJFudSuXtd1ppkkEzzqimWMRNbpJ-j9rpNzbRs8si7I8SHcQFAQs5JOAQv3iTkEDJ3AAkfyCftn_EXxN8fP2xfippmizzXGg6D4ysbCxa7uZJLRLHw7InhyPUbZgzxSWe83c0It5HeO2nSFFuY0jlX5_iLF18NgJ0sNK1XENQ51JxlClHmc5xfxLm5owT21lrZXPoOGcFSxuZwjXdqVJc1ve96cnJRi7Jt_C2kk-t9Fr5N4rm8f8A7Rmqz6StpLpuim6lnEUkhzCJfNaWW9URSRSXV2zFpkWSaKOR7iNZTDK0hueHv-CfqXMJubzXAfKVf9GS2iDkxhkCEqpYwqybcKrzFmKMFB81fsTwVL4R8F2C6TaTQXExlWN74uBNcyKH8yVF8wN5U0m54ggwWd3B4mlr2fR_EejTQtLFOyOqovy-YSyiVMbo5FjMsmSoaSSbYm4ZkMqzBvyaGLxtBTpUKsKNG-qhy88pXfNOUurk1zNW8ndtX_oHD5Vg4UozdH200leVSMnCO11TjzR5I6aK2iumm22_jbSP2NYtE06XTI9SFiJ4PKe4sbNQqROSTH5olhllCrFmZJZYyHYuZnlGRp6F-z34b8D3MF9am5a9s7mCZJSfNeNw0kcc0iJJHCZAzJtjVCqwApLlD5j_AGt_wmOnCDYCsshXKsZFLbw-0oSE42_KSuDKFOVR0USHidV13Tbq4Jnh2xow5ClSwYzggq0jvkopk8xVKMAVOHCg8FSvjG5ylX-Jptyd5S1nrpK_a62s3v71_SoYDDzp1KccOlCUXdwWkW4zad2nu1tduzkuZyTZ8_8Aj7RdCu_GNl4gur270nxQltDq2nTaRJYWeobYp7e4l02zkuxJbXc9vqFkbm1trhZbmS3mttNjSS303T7iH9gf2QPjZZ_FTwJqFk-oxXus-F54IJ0ZZUvr6O4jC2lxJBPNLcZJRknnIWPMsbSW1vta1X8ufif4E0zx74SupbS4Nnq2nraNYXNvLHazw3EJk8oJHMZw0NyPLJtyMGRUzIoZXFb_AIJ_eMdR8I_tKeHPBuu3k9zN4jtb7RtQW2kMcupyR2erXUE81rdTRNuil0mxm1GQMGllkc_ZHlcEfYcJZhXoYujCU5VKda1GrBt6Kc04VYNyfwy96SSvyOV5ppM_LOMcmoRwtZwjFVaUFOnJqzcoc3MnK7u5QVuXdyuuZtn9AUmmosccDSmSaWRJZ9m3Erl2kWPJ3Ew7vLO3nbGin5lbFD6TCjvGvmfvI442YhcsWkm81myST8i_Ng85HOQc60sEkN9JvmCtbK4YnHz3E7fNH2BMUUcaKOrFySflVjjR3ss1xdMsxdIJHiQDHzSebIpwdxH3OAp5Ac5JJBH63zTWiltZfb7yS7-f3rW9m_yBNpK7u1bW1tutrve0dPLd3d2RwQxLI8cfNvEY1zjhnthKSOSNv7uIkEFssDkBSG4D4ReKp_Guland6tZR2stprd3pZjE8c6Sw29pGFnWVEhG2Q72EeMxDCMQx46xpbptPv5gcEP8AKRgMUEKQA5JxhlRiDxg4OcBhXmvwg0a80ay1KO6LW39o-ILy9gEjIWaCe3EkLYV3EauYpCkfaF4nVQSQbj71Kq5Td4umoq7tK7vta_d-r0as2-SpiZQxeHw2nLXp15N8uv7n2VrO-i9530d7rW6ZyfjKK38NfGzQ9VC_6HrsMEN_khVd43ks7nJ-XDyRNbvj7u_LAEKzsVq_HrSTDY6R4jjkV5NP1K3WR4wWcJIJolBIAwrTCMsezhATy-SsObl0Tts-ut_Vvqn8tHom36VOEKsL1IqUo-7rvbmnbZ-mmvq7Nr7St9TuERvlRiCBjPI-8M-w-nOSDn72b9vrd3Gsm2E8DnDAAklhnJPPAGfQ7Rk4yeHS_cXb2cUX71YFnk24xEkkzRxK5wx3SFXZORgBz8_zY0o7q_8Al2mMkA5yw3AAnJbEfOQOBk8EDIINEXdaWdrX-LTbs_8AD82lutcGmrXW6uvTv_X4nYT3l5qGn3lt5c8a3FtNE0qSvGy743XcksBM0QG4kvFmXrtBwwP8W7-I9HtPj18eHuhsa48feKLDR4YoZGlg03TvEd7p1m0hcMYUgMAEsm1RJcNMymOFIUP9nNnqF8PveQVUZw4LKwwdwK5-YfLhlOMgkZPzV_Fb-1r4Fn-Hf_BQb9pvwdpOpm_s28czeMLZ1tJrNbCPx22k-PX0ZVnhWeRdIl8VtpQvI96XZsTdQO4fJ8DP8O6tBTuo8sKiTu1J-9B2Tab1tHa9lfo239PwniI0ce4uLlzSpdLxSTxEW2r205ovdayjq2ml6p4TM_ibVJZhdFLWMgu7vIsRAQs8zLuZAEiPneYQSo8mIzKFNfWvhrS_D1lHifU47mZhuYpeLG3CxFm8qJyJRKibmcMSY13NKGMFfm_43-PfhL4M-H7Lw_o_m6p4uFvA_iBHlSO2ttQuUaWewaWSQSGa0dxZz262zkFWHnIy7X8H0f8AbA8R3XiFbXWLJ9HM0sIt42tri1WFJJBGpUXLCSeB2LZZ3OSWyBxn89oZFiq8ZVIUtn5-8m5tNWS5rpRvvZW315v3J8R4HDxeGnUSlNR520km27Xu5XXK_iTba25ne5-3K654T0iQxXE0DgzKoR5QZXwyq8eCQwIjiMkbs3-rYlnJAiaa-t9G10o2muIbgiUwFlheS4DyK3lr-6z5nliMlXCuYncLmSSdF_Oz4zf8LD8N-A9O8XSC7EepwRyWbQTNLM5njnZZIwoMjMVcZjG51Xbty2Ur4K0T4r_F6bXLKO213xfatfX32fS4NKj1e6jaW1k_eS3KW-paVBZwxDDO5uJha8LOomYxtWFyKnj6VRwnGMqbcZJya5ZRcnJKNvK2rT8pJJvXEcQwypRpyhVn7T2Oqg7Pn5op6KV23tbmTu9Ut_3I8W6f4k0LStSsbqR7d76wkFrMPPjLzPKWj8siMLLE4LI2Unj8l0MhCxMD8gfs3-OfEdh-1l8CfEN1Ko1DQvinpfhPxNG4RUkh1HVjYx3Egdo2EVxa6nfW025_PlnnzFKiGWQv_Zz-LXxr8Uaingjx_pOp6rpDy21zDeapDqk7xBGkMV9bajqEUJtLtFaRJNPZmDL5luWliYMev-JngqTwf8YtG1bRJ7bTZdU1DQNWMl44itbTUbPU1sv7QumF3ZyPazoJpHVbiOffbsJZEm8p6WXqGV46pGUqdSdFRlHWLUeW83rFys2k-8lp1djyM4wcs8wlL2SnSliqsMPTc4zT56tR01Jw5VNKLmrp9Lq9tT-rFBPHb3F08UUxJZvM67mBdDsVlB2M6HazAZBOMhQaxoI54rSV_syGQqJmYlV-cqxc9OC5HJ7YXdnGa4b4F6xq3iv4A_BjxD4mluW13Xvhb4E1rX5btfJubrVbrwrpl1qV9NbgnyP7Qv5JrqOPcXEE8LMoIGfQry1g-xmOOcIWEUYw5y3zEdweSOT1ONwyxzj9eo1Y4ilGtBe7UjCaTU7pTTkk1fdJxTXd7vQ_n_F4aeDxeKwdRp1MJiK2GqOLvFzo1alKTi-qbp3T7Pyu-Sure9XSJ9too_dQbVVwTkxI5OV3YyckE5J3JwNrg-S_DAazfabrkl1cyubPxLLDGZp5pvLtoFaNIInlO5YUQtGiYARGdFARVr217R3tJo1nYh_s6hSw2nMcOQRgcMTg5PcZJ5rzn4aXttrtnrcltaGw-w6tb6dcI83nvc3NuGSW8YmGPb9p3A-Wd5Rdo8xgFxvGSVGtdK_NRtLXRNy-dvcV_VNPQ8is5LMMClFyjKnjU53j7llh2rp3k-drporJtuzZq-NvB97r3g_W7IXEbzvY3EsCBScXUEUs9swJXO5poo1ToVZ0OWIGSu9-z3H2TzDK2NqknC7maOQhtx6lsxk9cfNySA1Fc7UJ7zUbeTd9H3fT829d7-lCvGkpRet2nq2tnNdnffv273MjwZqz6vpza-6SRy6tMZQk4kilit7aSS0gQwzhZYizQSz-TKisjSsHBNd5DdudvI5J3ZYktgnHABH0A5ODkEhhXwCv7bnwV8EeHoLvx_d6z4UC3DxtHd6Z9pn8-e-kEMcUdrPJLcsPO4EEMrAJIXjG3B_Mv9o7_gsTpeueI9T-Hfwk0nWdJ8KWl7DbXvj37W-meIb427XAvv7MsXjU2-mtmCTdJNHezKHi8oKY5GzdanF8klyt62h700udxbcL3ik921ZJxV27NxOolKSbS1VlfRRcp25bXVrPRbaJX0uf0Pa18S_Bfg1Wk8QeJNO00xxiYqXuJ54l8x4xNJBawTyKolUAF1xuByAAxP8ANr-2n4Y8KT_t3av8R_CmpL4j0D4q-DfCetR3mZm02316w1W08Natp1tdTXU11dTRjR7O6uNNuHtm0u3u7LTbKwstBXQlfzfUf2pPBGnWlxqmq-J9U8VT-IIri60_R4r-7Ml9aPbBbc6lK10wsfNuWkRFlEhV1JCszB6-WLz4zWnj74reCW16z1Sy0_w3rGiX_h3StNubuedfER13TGwZYZYVuk1OOG2S6s_JdJJLS0D5YbD5Wb1MPUoOlSqqeIpSjJRUJSUoONSNTmmm4xbThJJ7yikkryZ7PDuNw-GzWnCtOPsa8XSlVSnJUpqaqUqk1GSbXNTVOUJ3jGNV1LqdNN-dfFH9nvVm8W654pk0PXPEtzqlw08VppEs1gYfNklkneSYPdxSresXhu4zcWkjws6Kj28k9cn4N_Zv1S4aK6vPAQ8M2VqxnSa_vbq8vrhpWdgEjkuJ0RC21UidTYwKcwQiZbcH9DbP45eH9Kt7nQpUt_Ptdtu8Yw0guhsO4u28u0jbJHdmBbMxMbSBQfHdW-PsVx4jGpTeH5vEXhzQra_kvtGsbqGyuNVkOm3kNlCssjEO8d2IJnRnC7DK-VdVWvj8Pis3jGVC75Y2hCXNUgnC7hG0FJRbUVu7uzUrXTZ-_SyPIFQWN9pBznaTpqNOrKU5XblKo06kYxb5nZbe6rps-_8AVfA0vib4MeAtO1R4x_ZtjpchkSMwrbKlnFDaochin2hPJIcfMJfLDq7F2HzGf2T_AAfdazNdaZ4t1C3uFuC8-mJqdwkkEwCO0Max3NrcW5YxgRbWiZI1iETynbIvl3h3_goz4mntIvDfgf4Npb6jDttbPTtd1GZLaRI7oyS288yxxoDEYU8uUFWVmRUiIZJKsfEzXfiv4rlX4vO1v4a8RXNrZNe6DoDX82glILZ4obKGeSC2uZpVgjCy3XlBZJxNHDH5MUbDgWX43C1qs44j6uqzUZRU41OZt3uotSs5Rsua917uj909qGMyrMKUatLDrFQw8aadSnCpCUIpyU4yn7kZOm9XTb5uZy0bjJv7k-HXgvTvBNjPZfbppxGW8p57qSeUli-HYyzSyygupjeWcTXBjYGWcuWY898Vvhjo_wAVrGCzks4ofEFvrXh1vD-vR3E0f9kSxa7ax6ysirKlvdx3mmm9t_7OnjkgN3eWd2ZVuLa3uo_gXwr8cvH2uCeys7a7e-sN8EnnCWOKMp80jvKUBjiPG-FAu5JMyIQWB_QP4P3kHijRtL8O-K_EK6BLLLczahr1tNpou7S0s7KS9kjsZNZEmmi_vhbLp9pJerdQ213eWs5gkZAjZSwLoTglOmqtWai5ylHmfO27yndpadb3Wji01YWJzbCXhiMPRqewwMoYhKNKcnNUEp8ipuUpOUnTV1tdyfvPmv8Ap3qnxZ-JHgn4SeC9P-F3g_R_GN74W-Hfhuz8VwXesr_a-iXGn-G9GL2x0iB4bi4TcbkOYA0tssCRTQCVmI_Hz4s_tz_FnW9VX_hNfiHd6EdP1UarpOgeDbi4tmtlW-1CMOrxtBeTG1jaW1Vbl5BKsUAlj80NIP0l0w6l4E8S3Xxl0PQdETwtDBot7eXvieSWey1aw06Y6rqzeI9N0_VLe9fQ5rTTrTR5NHi1OW61WC5uYr6ULDcXLeFfGXwX4A-K8mheGPFvww8E-IItQ1jQ_Es-sefe6Pqlxqz3eqfaPCaa7oer6RrC6wmmnW9V0x9Quryzubgah_b6mQ2sx_QoYvExnHByfsZKhB0KzlGpTqqEpR5KWjt7sVO9RKLU0otyUrfzPicLWrfWcZRhCpz1Zzqe61Up1KlSU5e2oOamn71-fknG6kpTThd_Sn7FP_BQL4c_tOahbfDa_tr7QviFpui2t06XlxbSad4lW2MsU76Q5naZrm3t0tri6t5j9oUTYAdxLKv2l8KrC202LxKqNa3JvNee-8u2nguPs_m3s8LRztbySCK5X7O0kttI3nxlwJEXAz_Od4O-EH7O3hnxvrvxg8G-GPib4V8Q3vi3w9_wqXSNK-IcFrY2szTX-tag6xT-F5l0SG60bTrltQi1i91rTP8AhGbmS502azLfa0-__EPjXwtN8Tz4i0m41TEWhXupalpN1408S2lmviGbw7Jq_wBouPDdpdW2k39tY299p0eoajdxzLYzSaav2OK6nnnX1cPUfsKscTXjzR5feSjBNqUrc6TSvH3_AHvh1k9LHzcqNSWLwbjNTlGVaPKotuo6ihCKg0npu0ktXypXb5l-yz6lpdql5HeJBHFuiYiYBADOrRCIBmBZ5JYZFWMfvJJGZEVmBAK_Je6_aj1Pwj4c0_xb8SfE-g3Bsx_YXhuOwgbVpddvbC508xX8WlRXTqlrpd9G0S6k06E2sMVwbmA3bRAqFVha6lGadmnGcbNO9ndp3TtdNNqzTu0mz1lhpqU4VacFOElGUa8JqcbSatyuLcejs9d9GnK_88P7Rvj2-t9Y8LeH_E_iebVdU0bw2Vm1CLewkQTXTrOkc0swS8uyP37o7MBGikMyA18jx62hSbxBdeS9vPILbSbS_MWQFAkmvYYXj2xgKcCWQM_mM3OGK19Qa58GfDnjH4YWvi228QQS3PgKRPBviI6bZvDcRvqs0svhvXb4S3Li30-4D3ek6hdSSq9zqsGnQwxtK8hbW0P9mbRx8ENN1fVL6LWb_VfiFdQ6cs897a2LeH_CnhKL-2DA62st1HG-reI7ESKhTzJIIg9w2wleSeEws3VnKtCHtORVHKdr0FKSUaSm3JOcuXmle_K5KytrzPAznLSaaeiu3dJOVlqndaqyWtt0mj4e1nxNIda1DUIriaS8NuUQExjKKW2rGiNkKFDZYYVDtIjLFs3dO8Q3kC5udWcagUt7m0bz5v8ARL1lMkTQmOSSUvEzQlHIBZg2751XPqI_Zz1pob_VINdsJ75nMsFmbuZrlLfz2it1Mz2mZHKZ37WMbr5bEmR1U6P_AAzFqAGp3rXdj5tpChtra2v9QSVJbeGaTfLNLYIQZG8sCI-YhGx1lZVYV1JYOnSVNKMqajCPNSdFuKhKPKoXnFKM7O6TsopK7bjfqp4FySgqqhKyvJ3SvFPqnf7Nkut2r6MueKX1HxdcR-ILTVttxrtlDqepxW-wWT3VwpXVIrdBHCohj1FNQtFKrJGnleU65RxXTaFcS_Du1Fpq-jeIPEC3oWQT6TbW9zEiO7orTbrmJo5oz-6kjmR8EMscTf6REnN654PtPhxp4t7bxbYT6jGYdUTwxc6k1zqsGmzqI764s0mgguU083m6Z458RGb7fJFNcXkrxN6H8M9cs_FWmzaPPd-ZHdLuRFMMjsso8rySjlxcw53FlLLIxETAuMqPncZRqYePPNSlhOZTjeE4SlTlKfK-d6-6kr6tW5bya5py_TsjxlGq6UVWSxcacISjCSlTU4ucHNQkpRXtF7zXI5QTaalJXMjTfFfiFtTF9o3wyWwMNzGbTU9Q1nQxaglDIIxFqWo6FbpviQtK7TXa2oJQxPIFdfrXwprHxz8e2a2i614DsNKSFTLbXOk3Osq0cbuTbJdWs2lqzRugaa_t5LyxjlYyWkt7HJuPz7D8A_ibqPiH7NoSvNakgRzmaIJHHIsrbEkuFeRGaJUKESFFHG8NIzN9s-EPhRrfgLw9b3urXC3E9qomSSTUJZIby4-zzNbRzXCR3Ch45WTdHPFNEky7tkmI1bwMwxeEpUeak8POc3ywTftJrflb5pOKl01W-zT5T9Ry5wrYOrQ-p4-LatOtWlh6dOmlKbcqUcPSpTd72Upyk3HlbbbbOCtrC18GnULXVbSBdUuxBPNcm1WGNpxAYSYUWZpwAEEckRZ2GzD5BmVvkv8Aap-K2qaP8IdW8P6feXNpd-Jtb0zRbe5s7t7W_tbaPUm1q7kMsUkUphuYNFm0u4aGQLcpfS288ZEzo_vXx5-JthbXIsbdkuNQVpLfZAh8y5uShLIhZsosWEaNsMIw-xGIDNXxt8edKe_-DNtda1Kv9t_8Jt4f18oxBEVk1vqGmGxLGQuywwavdXMoypnkEDMwVSG6MgoKVfB4nF025SxFCKjK3NLmqScWlqnFPl57Nx5LrVM-Uz7G_wCw5xg8E0vY4GtKdRtJRilZpS61KmvLZuSa5nZo-aPh78StT8BX0Gqab458V6NqhCwxv4c1XVra6aKR5opoJZrW-sZTFKhIEKzvHPmNXjjkLMf1z-Hn_BTTxksdre_E_wANeHPjPP4eEt_o9rcX9l8PvENrfz6RNpUkstxY-H59FvpRHc3E8pvrKGWO7aXfqkitaWy_isbWa8t5TZNFp7eWiCa4HlSSeZKVjQ3CK42uFJTLxxERqohjaK4Y8_ZtqENxJFLdyrJGvmwTAyBJIi8kY-YAFEcqrBXAGAoYoNxr9T9lCS5ZwhKMuW8WtH70nfR33UXvfV3ejZ-KvR88JSg4Nr3W4vVyjyt72te6663b6f0q-CviT8DP2kvh14w1fwpqGr_D3Wvib4h1q58e-DvEOoPd-JbDWW8N6N4caPwvZ6b4c-1z2trp1nYG213Tkjj1a3u7yyv9Ltrsavp0fpnin4ofDLwb4in-KPibQ_E_iDxQmk6r4N8M-GJ_Dt_ovhXQfCV5bWC6nqus3mq20c2pRTw2mnLfam-nxXLM0djDDJNahq_nr_Z_-Psnwf8AFc2o6tFFfafqLaU2oKY0nnc6VPdzacwid4nnFuJJoyVlWZbdbVWlks7W308_p_8AEj4q_EX4o_CzwNf-AfHNj8WtW-Ih8exeJ_A3hDQZIdS8ATWPi23g8Gz3WqXq2sF1NrujQz3EMtpFamyijtYrm3llnMy-bXwcXKo7RUZWSi1eO89GpO6S1Vvm5Svc4nGrGvBxpxUYx5o1nKMbSvduy95NtRs078yTaufQKa5dfGDSrvxHb3vhyz0zw3p8c2l2Ah-w6LoOkXbvGb200mGaC9lhVoYku9Vu2LzSLve5KE4K8Z_ZQ-BPxz8LW3xXh-MWjas8Pi_4bX-l2Gja3Pqq3kl4-taVJp8V5fJbrb20cts0iwXMN8dyo8m4ykZK5Y0Ix5o3bUeVLlcoK1nooxa0Si7dk0rJq50RlU991JqcpS5uaPN71223J3TlJuN23dtuWt43fUfC39l_44fCrxd9heYXWn-MLF9A1BI4bVr4yXDpcaNqOn-Zcz266hoWrW1rqllNJCyQGKeRQI5ZXb6i8Zz_ALcHh3Qfh14Y8YXXhrxVpPhvStTl8az-LfDvw41yXWvN8QajLaxSWd9Y372yW2kW9haxJbiKW6Qr56F2Zkt_E74FftUX-iWOg2oufGbaJEzyeLbXXvD-l63q94zkfbLCzttP0s6SpjS38qzubi7uoHMzi-Bdyfl-y_Y98eRzW-qeLvAfxQk1B57yXWRb6pJqp1MyPm3FxfWfiB7qFYUUJsgkHm7v35cqqrphMDRk6_1nEVKcItxg0lNSinaKklTm2pa_FHRtXStcurKSgpUIQbaXtE3KKUuaa012tyvS-9tWrr7BXwBpPj3RRFof7OvgO515DaLqurSfCaPw_YQSXQWa5thD4e07RbtbmxAnVJbXVGHEKRtGkjyjz_413HhT9jz4Kp8Xviz-yp8HxpviC_vNE8JR-JW-JmpXPifxlFoniPWrXRY9KvPGupnSrB4_D0kV1qSWX9m25vYIboHzbdZvH7H4Dy6LqKXGv6N8etE0JIpYJh4Xn8Yy3pv7iR4bV9smpCOTJVLcxreiZyVkEcjswP4xfto_FuDxt4q8NfDPwz4t8ZeK_AHwns9SstCvPGmv6vr2o3GveJLtdR8RXcc2q69rItYkjttM0KOytJkgB0d7tYWa6ed-uOWYD2fPCsq1RqH7uGHh7Omk3F886uHpyUmleKpNrm3bjZy56NXE1OaE8NGlGC1mqkpuu3N8rgpYirycqs5XVNNfDBtu3zbN8QdZ8SfEDU_FevzQG78RalfXmqCztLfTLBTfyPKbWw0zTY7Wy0vT4CkNvZaXp8EOn2dmkVhYWsNoiwV7F4D1bVbFL06NPJBrGh3sd35KBlhvNKumeSJ441Ylpbe8t7mGZx8sdpc6bA8YXywPkq8YwsxQkMrxFHHBVhl1ZcdCCnHfnOetfRfw5s9bvNKvfG2jWupXb-F7KC41x7e1spdLt47mO-P2bWXudUtrhYb6CxvZrcWdnezoYGu5jax24uZNsRhlVoclobLkUknHquVq90pKyVnpdpvS79HCVVSqU5yclyWU3F2au7Xu1Z2lFSS1Wjsm7n2Xpv7b3i_w7p8Oj6hpb20tnGIRNjdNsw4ZI5gAJEyZREzsJYkZsbsNnDvv2yviR4ji_s3SpLgeYWCTSys_kK0jtIVXM2CxwQT0lEUhTKCY-WXkHhXxtpFtrFmiJ5gWK5iYKJLK8RWNxBIYROwJU-cm3ckiSI0bRBkLb3hfw54X8OWn9rXlza-XEY9iKsjkgBiVAliiUM5jxhyxZC_7o7Y2PzH1DLoRrN5dH2ykrwScouTnZPTm0bTaXNazWslq_s6GZ51VUoPNZLCKK99yin7KUtYP3L6JJSbV72Td0z0bwtZa1rN6fEHia7kurhdhkuLn95FHG0gd7eJnjJSW6UMzSIZGUvI5Hlb68S-M3jBfGXiOXRILzb4d8PSGGTyXKx3urK80UjHCEhbWNJYo0VXnlkNxEscjmKVjxr8Z7nUdO1DQfB0EyWsERh1LWYpreOO0V1mjWytLmcRo9_fqssKC1_4mEaG4aydp4VuF-Um1u8upolul822hSKJLSK9WOFYk3Kkk9yiCOG2dDnyohvZCoGxBJC3pZXl1RVfrWJpwTjDlw9FckvZXdub3XKKfLFq1-aKkr66nl5nmtJYepgMHOTpz9m8XWbd6kk5P2d0leHMk5bxdlG9uY9TPi7w9okUkSyIxWN4p2tVYThcuYZPNtpJCxaVEVhcbU-xyS-XKZGhrKufiV4dnd31HTV1Z3iMUUl9pqiVA7SqGBl-2RTMokkdJHhIZ3coAQQfN5NV0-8na3s9HtPIt52FsYmnitLlkkmEV5cQPAjAbArkSgSSs4R4t42ixBYxJ5-pXn7yRQHDMAAgkkIEMMYBARncrHl2kw20yMAxb6BXjpZdN1srtK2v916fit38zZSu0_J6ebfV-b79OqbfX3vxSP2UWqeGtPlRfKa1N_Y2sjQRxl3DQ26W4tVKMxEW-3jfBVA2AzH6__Zy-N9lpFzPr_i79oC18Iadpem-ILGTwNYW_jDTfEep29_4Y1iztpPCFxpOhXvhxNZivrq3Szi8S6z4f09LqO3e91eKxEl1H8IRQiS5klnALOQF2gZVV8wrHGCMKgJAiXkjcxJ8zczaYtrGQASWkXQnDQrvbBC8liQvQYYZI3A4YjIiSUk09pXv_AOTba3W-j3Wmrs7vlTXK0mtN12b1302j16LXVn9Hnwx-O_wF1250xvBnxa1nxWG8Mo9xofjfxJ4U-H0kGpaK1u1vba14m-KPjPT_AAzqeoa9qaya42l6Fr2uCeWZ45Jhc28Tgr-bk6VAkvn2U1zYTq26Oa0uJI2Rst8wAIAbBIJXaTk5JBZSVzLBxu37WcU-W1ownpF21b1vbfvtq3cwdKUvhaslbX2keqtopLstd726LX_QgtWuA8xVA6sQBvCp8xaTGTiRQW6oCRwyjccZrRl1LTNNtrq-1V4bCxsrWa9vr65ZLa1tLSyiluL28uriZkhgs7OCMz3d07rDBEjSTsqbnHE-I_HnhvwF4S8Q-NvGmr2Xhzw34U0a_wBf8Ra1eyPJZ6XpGmW093f3kscMUlzOIYIW2w2tvNdXEpS2s4J7t4oT_Kp-1n_wU9-J37UHibxFoPh6QeC_2e9H1Af8I14AuNLtp9Q-It3pMtz_AGRq3xYkkae31aw-0SS65dfD95bzwGHi0LQfEel-KZLNfFCxTpud7baXeivrK3r8N_LXVu16Sbvb56r5df6731Pon_grX-3d8AvjrpHhb4OfBa61XxrqHgDxrN4i8Q-PLNjD4BSc6Hrnht9G0VmvVHiXU7e51fzjrh05tKt7eG4j8Oazfafqt_OfwZvp7g7RPI0kJKybFGIN2ZfmZdzKHYb9xJfYN0e9QDGNKecTK0bZdJWka4PAe4eSQyySu-Nxkkdmd2b5t53bixcmskoQGCV9shUOD8gDhiwLDORukJBa3bJdvm3EF67IQ5IKPS2-musu1tPhtfXfd3NYJJOzvtfya5r208o9Xu9dGclfhWVlABYvGCcLlTuYA_cDHKnj5z1KkdK-xP2VryP-0_Evge-hb-zvGOkW6yymRsStZyXFjBb-XtL7pLfVLl94YqcN8yM7q3ydfwiF8HdsM0SqoJ2htyjkhdxViQAC-cl1cDbID9K_s0RtF8VfDDRRt80WrYiXLD91o2oSgGLdtYiSJGV9m7ftUliFdaUbxk9Xa1reT66uytt-LTM6zcaVRq2kZS16uPM116tK--nlE8eh1PxJ4J8Q65o9m7Sf2TrF_o11HvV7e_fS9QvLRw8M0q7nZoGdNi74m2yQOr5kbXudauvFuqaTo1uz2D6ldW9ndhbmecQNPOIrk2tuHjZY7eFQ8kSytI4SVUu3VnnbQ-J2mz6f8W_ibFEDGbnxh4ivERQoZLfUtSvNRt1cpvSVfs93D8rB8gsGIbeo5jSbmLwzqNt4gFlDcT2LyzQxESRRbkhuoFeXbGAoDnIRGLEqBHgotHsac1Grypy5Y2e11dpN666bX206q5pTr1FFw55KEtXG7tu3protn_4De_ukvjiZ9HuYtN_dWWnxwsdP0GGRnleOUrF9r1RwP3l1fKjT3Ny4Wa7jMAiRLeO3tq8zJnu5du_CeYZGiA2xIzFgWJYksx2KwaQvPM-ZZJnkJkq3O93rN9c3lzLJLPcTyXVxJKWcnc7BSwCgb8lZDsBDMNygAE1sWtlHDlU3Nk579STl2xkk_LyT8qqFCgBRi0uVXWr9L31a3S0XxO9---rM007ppJeWm7k9ru-qjfR7tt3TYWFkEKgD94xGOQM_f-9nHzdsEkYYADcMnRumjkRYBL5gjm8yYKG2B0DosbMSN2GZmIGV4UnII3QLP99bc4QErJLlsyEM4MaD5T5WCA8nymUMwQBSHYAy2FHLFRjjnBfaCeBwWOOw3N0BpJSbv0TV1pa15eb0sovTu9dGOyWqbvpZa6-9Kz26p_lrdNOe3TLbirMFIxtxgNkYLZbOB1wM5yM5wc3WCYy4Ugd2AIGSV75xkj-eScEmtbnyvNR-GBQ465ydo6ZA529_4v8AZJM6nIYbdwBycnp8zsOCD0xx9AeM4pNau22iVuq18n23evk7NgppK0nq79G7WbVrLyV_LTe-rt42s2GwuTyMZA3cjJwBhcjJB5AODk0VV3COQ5fdGcAoScIG3kALyGUAfwggfKCAcFijlfrotk_Pz8vPrro73GSad7Lbyvvrv6W-e7P6J_8Agtb8Vr3T_A3wv-Aui-OBaWvi29vvGvxK8I2z6j_bepaBoV1bw-B2vZ1EVm3h2816DXbtrO6aT7X4g0DR762ia50iR1_nQluUbMMYKwWkaRxxAAKqoJB8uMbiSpYMw3FWXe7MCSUUqUVGlFL7UYybaV7uUfw952Tvvu9b5R3Xql17zV99_dT9e-t4rcMzBM_JhW3hSN29nJbCjAIC_NkZ3NlmAyazr_G6d2RWJX7PGQByziXafMyRlTFt3_f5zvByWKK0aW13_Tgvlvtttpo7uMnFNK3R63_z_rzGx3Aukjt5z-9AikiflM7GV1jZsMHYHcYzuzy6_MFJr6n_AGYVz8Sbe82hv7O0nUrlvlBGHa108bmyCGIuxtyyouEYsSAtFFNL3fWy_GEfyd9b627NvGs37Gt5wn-q0ve2_rtq7XMr4128Y-NfxDkfAVtWsG3KwK75NF06VwGiAGG3guF3BU3bXZF89vHtet5bmNbWNhHE0oLqA4VohvlVmKqsYMcqk7dpMsjKQVdXlYorKkrWim7JJfdz7278qb_Le_RFJ016RX4xXn_Kvve5lxWEMKeXCCpYkgbSQzfMMuxXPPygFj0AC5AqNpEZJI48lWOHlyQ0o3OCATzsI4ZgcPuYKApDkorSCuua7_TR1Ft8vz3u7zeycbLVRu9b737_ANd29SJVA6DooGeegJA3ZJzyeM8gseSSS15UR1iCjDKFYkLgkjnliBnOCeufc4JJRT5UlZNr0e_9f0yejV90lfrZN2tr5_dbVtXCUqi72wuNxd2Kovys23e7EZAIDBdwB46gKTJbN9pUpbYnchc-SrXHVnwf9F88tlDvAzlVBJJHzUUUJKOi7bu_8zXe39LzYf5Wv5e75_3U_myhM8e9lY_vAyKVZJI2VlJHMcyRyg8DKbCU4LkKXyUUUJfFZ2tZaJea6-T-63VXA__Z','_9j_4AAQSkZJRgABAQAAAQABAAD_2wBDAAEBAQEBAQEBAQEBAQEBAQEBAQEBAQEBAQEBAQEBAQEBAQEBAQEBAQEBAQEBAQEBAQEBAQEBAQEBAQEBAQEBAQH_2wBDAQEBAQEBAQEBAQEBAQEBAQEBAQEBAQEBAQEBAQEBAQEBAQEBAQEBAQEBAQEBAQEBAQEBAQEBAQEBAQEBAQEBAQH_wAARCAB4AHYDASIAAhEBAxEB_8QAHwAAAQUBAQEBAQEAAAAAAAAAAAECAwQFBgcICQoL_8QAtRAAAgEDAwIEAwUFBAQAAAF9AQIDAAQRBRIhMUEGE1FhByJxFDKBkaEII0KxwRVS0fAkM2JyggkKFhcYGRolJicoKSo0NTY3ODk6Q0RFRkdISUpTVFVWV1hZWmNkZWZnaGlqc3R1dnd4eXqDhIWGh4iJipKTlJWWl5iZmqKjpKWmp6ipqrKztLW2t7i5usLDxMXGx8jJytLT1NXW19jZ2uHi4-Tl5ufo6erx8vP09fb3-Pn6_8QAHwEAAwEBAQEBAQEBAQAAAAAAAAECAwQFBgcICQoL_8QAtREAAgECBAQDBAcFBAQAAQJ3AAECAxEEBSExBhJBUQdhcRMiMoEIFEKRobHBCSMzUvAVYnLRChYkNOEl8RcYGRomJygpKjU2Nzg5OkNERUZHSElKU1RVVldYWVpjZGVmZ2hpanN0dXZ3eHl6goOEhYaHiImKkpOUlZaXmJmaoqOkpaanqKmqsrO0tba3uLm6wsPExcbHyMnK0tPU1dbX2Nna4uPk5ebn6Onq8vP09fb3-Pn6_9oADAMBAAIRAxEAPwD9d4vGBCgb1DcDIBGeZAOd_oP1PIIq5F4ycZAl5HBOSduSeR8-M4PvzgHJFcCmn2qEh0yVI5z1O58DkEcj9Qeck5siC06BAmSoA56ZYEnr0wD-IHOaytS7w_8AAl5f3vJfhvbXyvd8un8vTl_v9eX_AMme9nf0uDxufKYNKXbtxyeoHVuSeMenPNZ9z4jW6JZ1Iz0O1Qer98nphcg5xwO5z52LSNJGP2hQAflG8DHPJYHnnnGOxOSTViSS0tY5Jri7jihiQyO8jKkfloHLMZJCiIoVSS7MEUZLuFJaotTi5S5otK7tzdLtfzO1kr-iV2krkpPnjBRlPma2Set5aaN6u6svl0OlN3DLIxJJCDc3zc7cyMCMcA4BJHXGcD5WNTr4i0u0Bjkmi3Mqld8oKMMy9CGdJEBXDcgR4Afmvzi_aP8A21vh_wDBvTdQmg8c-GrW4tpHjit_l1PVJXhkkG6K2h1GPb5zRPHEFjm2FmiMkN-fJX8OPi5_wVk8Saxqkl14Jgu7WW2kKi9-1XSiWYSz-ay29u8SfZZjHHM0UkUlxNDIBcXJeKONPm8ZxRhaVWeGwlCtjakFGM1S5FRjFuSd60p8l7PZ76rm5mz6HBcO4zFU41qs44WlKDcXUdpytzJfuuXns2tJJW2Vmotn9Pfhvxj4b07w_c6S76da3Nnfa_bXdxLao7XFvJq-rtBHEVgdopCHMZupgE81ntyZJi712_w31XT49K1O10AI0Ka7qksYKun2dLmSOceekhBhVt-Yol-WYK7owiALfyb-B_8Ago98VPFkV2l9oUEzwobyW-gvNUt5fsjXUVteTCWPUjCkmFMqxzK9pMuXRGljhJ-x_hL_AMFAPiIbd7bwhq6alNYvNcjwldafZXdxrcFvBdKRYyQpBfSiLTrWAJG80jmZ4J4rXyfPvxw0-KqMKzpYrD16Ktzc0eWpFPmSUXyTvondS20kt4tnVV4TxipSqUKlOs21yxTko2Sd_elBJdLq-90rtST_AKOJ7i5bdI8zM7LjcNvmYG4lIxuARQAOFwvdiSGJ5q4trgq1zezYijBeGAsNuACBJIvV5pD_AKsHKoXEe1mAJ-Rv2cf2tfBvxu020sNT1PT_AA946YStqHhC41CY3oaKW9jD2sl_bWLajbTLbyXTJaRE2wlt1nhQvCZPpvUNWkvS0MTebHCyJKSSnmThn2x4ZtyJCUM0mQWcCNEJ-cr9Zg8RTrQVWlUUqUkmnf1S5tWov3b2bTs46NJI-ZqUauHqzo1ouE4O0oyW7u725uW60Wqvsnu9Wy3jPKzGXy7eJmuJ1Pyq7QqSV6_6mPlAu1dxjlyMIzGiutTO-HkJxFAEHR1NxcPLITk7QQgz1OxpLdSylS9ZN5eq8M8ca5DvDACDguRLJFHEN3ZmLSydwpUbgAQuHJcsUvZVYBnkgt4W6ciVg8nBwweR2IVedkfzAEqtdcIcseV66ruv5ttX-Pd6aayo2Vmm9e0e_wDiuvv-87ZNbLxrlwvm290gzj7kRkgthjOMqjuwLE5DJuLYkB8L-PRk1DwLp2vDd5_hrX9HvXYbwVVs6fO6BNzp5fnLKScjyjgncA1dylywjuWBGIWtFTgk7XWJ3C4x2mZCMYLB2GVKmsfxfBNrPg_xXpbKsq3ek3bRcE7bmKIupXDfM5aJXVQMllxghsUpKPLO6V2kk21o-Zu-rtt0dndrdq40vei3paUekVe3Ml9ry5v-3ra7nB6T4g_4RTVLm5nP_Ek8WWUHiCzdyiwDUyY4tSjVnzGruZEuyCPNk-0s5ORJkrnPAlnpvj3wBpuja3MwGhXbC3ZXUSRrtnQRk7ujLKofBw7RI3JUklc0ZTSai3byXW78v607GntKV3zuMJJ2tJq9r6PW2jsmvW17uR9kyJlT-9GSw4GzjDPzjOeBzg-uMk4NZpiuXlZUbd05wMclvRvQDoM5z1wa3INHlnVsBFznqBvUlmGfu4J7j_gIOTWlZeHrtTmNtwU5JOB0L9MKcjGe454yc0tfy_m_u_8AA_T7JzHNw6PfzEkA7gV6KMEAnuTxwPwOc5xz8Fft3_G6x-Dnw_u9KS_jbX9Qjhjm021O_UprW--0R21rbLv8lry8lhVjDOFMFjHPqEtxaxQwzn9QrXSbm2jZ5ZF2R4kO4gKAhZyScAhfvEnIIGTuABI_kg_ar-IetfH_APbe-JOlWuoyx-FdB8XrYx3d3cSS2sGl-G7Sfw8NQsyC8MkDt9ra08mUiKOeGItNbqlyPneJMVVoZbVo0JNTxKdOUoycZQoRUvayi7Xi5pxgntrLWyal9HwrgqWNzaiqzSp0ZRnb3rTm5yUItRTbXut2Sd7O7sfO-s-EPHv7SV_INRiFhpNuJY7eFXd7S3iZyIrOOOSBQ5QbXMhBZsRDzTJCAOs0T_gn5BJALy61pLp3K7bc26KjNI7Y-0mIbyuG-QxYXYGZ5UZCH-yvCmreE_Dun22j6f5SLErkurn7RIilgPMVJRKG2rlQoGyMRqCB5aV65pniPSTb_aIJ2DkoWSPdtYqJwCsbpEIwdp3TMWLFCYkkjaMH8np43G0YunRqwo0Fa0KSin8UtZO95OTk23bto2lJ_wBAUcrwVOEajoe2kkk6lVSaW6aguZOEb2935NNts-M4P2O7ez0uTSH1R7WDERuRZWcMUV0sRkfyQyyRJIjljFFJLxGcA20kbPu6Xwb8GtD-G2r6bqukJJJf2NyCnmBriFpNyyeRMrSpG4uVheO6IRYwzgrtlGxfr6Txjppj2IFlfCHeHDM6HzCzEqo3HG9QqgMGGJfKY88He6zpt1cs88QT-BB5ZK5OCpMRlaQBHIDxsVEm5SsozIx4KlfGXk3XtdpvZybvJXtzXs9PSy3vd-hDL8PVw9WmsPaDg1zRWzsna_L6vf8Alu20fP8AqNnoPhf4jz-MtN1jUdK8TaLc2mpzyaVNaQXN5ZB7yS2mngeKV9Rhs7S7ltNTksIjqUixXWruYNQu703H7jfs3_Fey-Lvwt07XLO8tZtQtZZdGvoYgweK7RsvdXETXFzNbRvEUk_fTzKzwyhbmRnWWvxZ-Nvw7h8WaCniPQL6XTdesp5JLe4tJwk3EBEsElvsmlmWMK0kKx7ZYg0gjZpVKP7z_wAEvPG9yvxV8X_Dq-lkkm1Dw4-pi0tJV-yrqumzaTtvnt5pxJb2hbVb6OCNTOQ4JWOJELt91wdj61LFU8NOo508RGNKUW3-6kpOVOonzPRvmU0krcy95tJP8h40yijChVqU0o1aKjOMnFJvaFS65veulzqL1W3Mrtv9o30uLzILRJJG8vJfBXLy4dTM_ctGPNdGPIdtpO5Q1R_2bCMqVcpFOZMHbjJnMUQ65BKgsCT04PIBrWVGhnuZTcKBGq26k4_eCN5pJ5QOOTKz7hj5VUHqzVhG8uPsUk_mM7SMsigY-4soEOeec9QRjLTHnAr9S55_zdv5vLsvJf8AgS3sfld33_pW_wDkV_wdb8p471ubwr4J1nxDp9otzcWqWV0kLzJB5yG5igMZmdJFjdoVTY-0LnYDhl3no_CdzDrvhPS9SuoFSW_0bTrySMlSUe5t5PPiJA-YEM6OSmSGZwoJFcP8RrK91DwReabErySX1nb2qxRbRI8wkRIwm9l-cu7BTuBDbXGGUmui8A2c1j4d0rT55ljls9H0yKWMuGAZI5Y5fnBcOPMjYq-TuVgSxYEm96Sk5NydS1rv4VZqVr3u3Ky6Xct2kzkjiZPHVMLpaGGp117rvd1ZU3re1rRjZb3T1a5pHhfw1l0_wv4x8deG9RQtYQXUs9mGcKcfayYGU7hlTbXCgkkksDliVJJXOfFq0k8L-OZL2Bjt1bTUO-JTteSG4cSkn-9jygQednlnBJLUVhzct0pdvzlrv13t2ctWoyb9ONOlVipzhFycYqTd27rmWvndXt0ulrZM_Re31O4RG-VGIIGM8j7wz7D6c5IOfvZv2-t3caybYTwOcMACSWGck88AZ9DtGTjJ4dL9xdvZxRfvVgWeTbjESSTNHErnDHdIVdk5GAHPz_NjSjur_wCXaYyQDnLDcACclsR85A4GTwQMgg0Rd1pZ2tf4tNuz_wAPzaW6152mrXW6uvTv_X4nYT3l5qGn3lt5c8a3FtNE0qSvGy743XcksBM0QG4kvFmXrtBwwP8AFrN4j0u0-Ovx9llZYZZPHPi620dFjkLwaVpGv39pb-a0hBiSNLVo5DhPPunlCmOEQKf7O7PUL4fe8gqozhwWVhg7gVz8w-XDKcZBIyfmr-Ln9qjwDdeAP-Ch37TXgnRtQbUrafxnqHiu0EdpPafY18f2-n-Om0ONJYRPMNKm8XnSVuk3w3psjco5iZnr57iGg6uFc_dXLSqrdpvWErJtO17W0vpfRJO_1PCGIjRzOMWm-apQ1teKXNWi5PVfC3FrVa21utfW_AdpPr1299Pem2tRMAHmlZUi_flPM-dhGj-aBGDmNZXaRmdyAzfV2g6d4btLZoWv0mk2_MUuypG6WYFWt42ARQ7hiRxvkVQXcXG78xPiV-014U-GqweEvh_E_iC6s1WyvLiSQfZ72-i3JI1uIpGubxJplZ1EcEL7gNsrsw2eX_D39qzxF4k8WWehahFLpuoahqMFlBDJBLZsrXUxSGBoZGDgkbfJdmd_ukEuCx_P6WQ4mrTlWjSbSvpZu_Le0kk9dItt62VtNWz9wfEeBjfB-1tKbgm7KznK1mveX2ls-tk2mrv9o7bxH4R0-WO2nlhkLOcKsgM5G6Y7yArFJIpZEjcEMSQgCStvcNvNMstal36NIkV55cSpCUhYzYafEm6NCNiSs_nbWDqyrw0cUch_M79o2b4i_D7TLK6nF5HNqVsJIfs7tO6x7RI5IjXfJGQFLnoDu3uVG-vjnwj8VvjTNrEUVjr_AI0j1Ca3uNSs7ewTW7uyjtI0lG-e7g1KwigaVkMcTQ2t6JnYQ2yTMrLVYfIKePw8q1OcYuN07yas4yakmrJWu7Xb5k0tNLvXEcRQy2awsqdaTqThHSm3eU4qytFNtyS0Svo7J3U2fs38TLfxZpHhrW9IimktdVSGKfT-LhJJJYIp2AePywHUlY33mIfvkBjuPNlDjgf-CcHjnWB-2j8PdWWWNLbxh4c8W-F9Xik8tIodXs9AvXZWUFGAlm0rT7m1jQGVBbsZxIDFDXL_ALN3xI-K3xIVfC_xK0W8nXTGf7NqV9FqD3NuZIxETbarexQS39vdqsZnh2eZHmObyxPEGrD1DS9e-Enxj1TWPA1_Fo-p6Q-seJdBmdVLWOoXPh_UtQS1gt47y2NzfSXFvaNpscZliknuoUMEw-0wGsprU8qxlWU-SpLD1INuPLJckJRc0nFySclHl5d27Jv3tPFznKanEFPC0cO_ZVMwmsPRlU5opSm1yzqRUeaMb6T5kmopSd0kf1hTLcQabLIsMZeVGEb4BcmXcVJVh8pAKsB97gZUFiaxr2KYWkMKWiMGmtIiCyguFuAQB0BwIwApI_g-bC1vSpFdWsLSrLbq1vbzNbTP--gacKscE6g4SeMbvORWYJKroXJBAyNQtY2lgEdxgK6sUVun7xEB5HfcwAPAAbnuf15O6urWdtff7pLr0fTdO2l2m_57acZSi94ycX6puL69Gu_zumeUfEz-1Lbwjez2yNBcQ2jTx3EE7wyQujh1kjmhBdHVlDIyEMHKEMCKteDbXU7jQfD1xLcZkudGtPMeZnZ3kJeRpJCQSX-_0yCzOcgKc6PjiQad4Vu9TuEkvodOtoLqa0E3lNPEtzbb4lkEbmMuvyFgjkLI3ysAQbfhIreeGtE1K2H2eK5sI7qGBWD-RDJchxDvKIGEcTmMkKoZC3ygYB0ckqKukn7V-9723LFpb3t-nM7u1zz4uX9qVI8vuvA0nz3WrWJrLlte-ivLsnJ63d35n8Zfh7q2v6ZpVxp0yy3lterGSikN9lnt7tpQCFJ2pLb25YZIYyISQUAJXut1BPFtLStwWXAC45JwR6ZCE8kkAjuWorn5YSu3USvbSzf8y6yvsv8Aya3melDEQpxcHZ6vdtbu-1v68zJ8Gas-r6c2vukkcurTGUJOJIpYre2kktIEMM4WWIs0Es_kyorI0rBwTXeQ3bnbyOSd2WJLYJxwAR9AOTg5BIYV8Ar-258FfBHh6C78f3es-FAtw8bR3emfaZ_PnvpBDHFHazyS3LDzuBBDKwCSF4xtwfzL_aO_4LE6XrniPU_h38JNJ1nSfClpew21749-1vpniG-Nu1wL7-zLF41NvprZgk3STR3syh4vKCmORs3WpxfJJcretoe9NLncW3C94pPdtWScVduzcTqJSkm0tVZX0UXKduW11az0W2iV9Ln9D2tfEvwX4NVpPEHiTTtNMcYmKl7ieeJfMeMTSQWsE8iqJVABdcbgcgAMT_N7-2Z4U8N3v7dfif4ieCtV_t7Sfir8M7PXbXUEEsthZ-ItLtp_D2qWdncz3klzcXNt_YlleyWF1Jb_ANjQ3VlZWmn2nh-PQ0fy_Uf2pPBGnWlxqmq-J9U8VT-IIri60_R4r-7Ml9aPbBbc6lK10wsfNuWkRFlEhV1JCszB6-ddL-NR8efF7QBf2N9Z2ui6P4lGg6XaXFzP9n1bU_D-p2Go3FxPG8aPb3OmsZr5TAyQNp9rcs6vGCPJzipQq4adGlVU8RTs1FQlNOEoVY1Oaabim0oSSb-KPLa8pM9zhjGUMPnOHp1ZQdLESjRdRczjTn7aNSjOai1o501SlCacYxrOrdTpXXzr4y_Zx1PSdT1m5HhXXvFU2o3E7sNOnmsbOC1bfttJ4naaK4thuW5Crf589YjcW4eOBh0Hw1_Z41XT9V0bW77wdD4XGm3lgbOG4urzUb-V4LqGWOS4e4uLhm53MXnLXOAYrZ0U3DL90L8fvDi6dNZKtuHtS6osaqrRG3Mqyrj5sKgV8_Oxz5O3aGlYeIXf7RMVlqeu-LNU8G3XjDRrCwkt9O0TTL2CyeTVP7QspY78q4bzo4bdLiN_vuGaFUSRnlFfI0MVm86bw8nfRU-ZzqQUk9Fyw5lDZNXd2nZuzd3--VMk4fw9OGNjUhJ80ZRpqMKklJTcnKdVJ1fdium_w7Jt_oz8WvhzH400vwsdZdSbfT2tJ5EVog81ym2ezUBSysqCQoiZV080KEIUn5Y0r9k_wkmpNf6R4y1KeOOSR2tE1e8WaMieUNG01pe2lxGULu0w3I5JkV7cKJN_AeHP-Ci_jvxH9h0nwH8INOkuoXtBLZ-JNTube1-xwpJEs7SrbyFXj85g5jjmkkRZA0G5XiPOfEnUPifpWrXvxKtb6S1u9fuZb_W9DsY73-x2mumEl3_Zm6NZhBCxJiFxCzzxeXNOoaR93nQwGMws6i-sPDxqy1p88J3fN71rp8jlaPvp6vaLs-b244zKccli4Yf6zSo-zXt6cJwfslzXV7wVXldlyJ8ydnZ2P0S8D-H7HwpoyWCXTTSwhY4TLMsjNtbKiVQ7IolSTcWEcYMq_NKSdx4Pxp8JdM-IPivwX4h02wW38T6N4mXUV1S3nn_4mHh630nVLiTQBbs5t72W51KDThazm2E9gLW8W1fFxcQz_DXhP40ePvFcAOnQ3KkyR2tzNctLFHBH54gfdJkGUgktHH5nlxyIigqyB6_Sb4Q32jeIV8Ov4l8QNop8ORQa5fPYvpzXut3VlqdrHb6DbDUZIQ8d9POZrw2Lrq01haahZ6be2t3Kt7HMMCqNajRU6UZ1KlOM5Smlde0Tk51NVFcrd3e9r6ttnNj85w8YVMdQo1fZ4KlVqUowpTnKTdKpCPJT5pS3acknezdk7zb_AEP-O37QnxT8HaVrOu_Czwd4d8V-GdIiX-0fEU2ttd3Nje21xeW8q6lp1hILi3gtlhtp5LyKOWBzNMVZViYH8Zof-Cg_jnwr8TtP-IXijxzrHifVtKnNpqnhyxvZLfw_LBHfyqdLuIYpobVUtxNNJazTxFkuEtVmkkRXUfpposuvfCO98Q-K4_Dvh-08OeLLy8sreHXLie7jvjrWmXHh_S7i4i0fUdPk_wCEhu9a119U0EK9zYaJqdjpmsOskix2o-O_i_8ADb4H-Mda8SeLvHnwU8PXqeHPDWpeF7ceE9Q1HQdc1I6rr8mieHPFVra6PqsOj6haa1reo6ms093ok-tWWuQmfTjPYR2ZP6JHFYytVq4Zt4etCNOUZTcJqtBzqQbpXUklDlUpKfvNTsk0pN_zJVwdVUJV6KpSpytzVI6uk2nKaqwcl7OSlK_PKHLNXam5xkj9Pvgr-0z8Mf2t_gl4u8V-CDc2EthHNpOt6BrlzZRX-jztdqsM15J9oEUdjeQ4ure6ZxCIHPmSGRWx9WeAYLay8NaJZ7YbtLWwktXuISssMgt5RAXjkj-SSJgjOJUJjZQSjMoBP8-37KHgD4OfAfxX4WtvBtt8R4dZ8UaHra_EyPUfHtnqmhR6Lr9_f6d4XeRE8LaRbawtnJpl5LoJ06PTb2K1fVrzV5L1baaWP6K8JfEePwnP4j8R-Cdckt55PEOjXPh_Utd8YeI9ettL0MQ6rqSWMOk6vqMNhpOo3NhBF9j0e0ihkubO40y4nu53l2r6UKsXhm61eHPCSu_djTbs7vdKDd1vq24x5naSfjUMPWqZlBUpOq54ZUlTUZzqOXtpz5kopuVo_Cld_Fqkrn7US6voaW8EN8lsZApUI67pXMDyQySiJSZCquCryAGNHdY2YOdtFfk34h_bFg-GN9HF4l1rSn8bavCNS1HT7DTZPEEOiWd3bWEk1jLffbbNLZ554baWOzWYbkja5NqPM8wlZ-0irr3XtqpR6t_zRfbfazW6TPThQck-aFLmTal7WMudNSSalaDtqtnqk7PW9_54_wBo3x7fW-seFvD_AIn8TzarqmjeGys2oRb2EiCa6dZ0jmlmCXl2R-_dHZgI0UhmQGvkePW0KTeILryXt55BbaTaX5iyAoEk17DC8e2MBTgSyBn8xm5wxWvqDXPgz4c8Y_DC18W23iCCW58BSJ4N8RHTbN4biN9Vmll8N67fCW5cW-n3Ae70nULqSVXudVg06GGNpXkLa2h_szaOPghpur6pfRazf6r8QrqHTlnnvbWxbw_4U8JRf2wYHW1luo431bxHYiRUKeZJBEHuG2EryTwmFm6s5VoQ9pyKo5TtegpSSjSU25Jzly80r35XJWVted4Gc5aTTT0V27pJystU7rVWS1tuk0fD2s-JpDrWoahFcTSXhtyiAmMZRS21Y0RshQobLDCodpEZYtnf8K-MtY0HVdM1aHVVbWLC90vVbRJ5Xe2SeKdbma2kXfMZIJrceRcecnlyQvKk6soArvx-znrTQ3-qQa7YT3zOZYLM3czXKW_ntFbqZntMyOUzv2sY3Xy2JMjqp0k_Zm1CKW5vpLuyzDPptutta3-pJNHE06w3Ukkz2KSAtDLnyl8wkbGhmLZNdKjg6dH2aUZU-WMeak6TaUJe6ornjaMktUnpHRXdubro4KV4KNVRkuV80r25oXa1T20sls1p0Y_xBol3q-sXH9j6zO-n3s8EqLkMskF64nsp4l2IQJIJbW5iPlOJAwaJwzbq7bTtZ_4QeyPh_VfDXiDXpfLGLuzt7WbS5ZGjd03XIuiqQ3G3dMzwSyorlyQojuH4vxHpNn8OEjsbPxbp-szaU72-p6X_AGitzq-j2M5aXTEvXEVvItssStHZidUnhtzaRwQNaRSXK-xeBprbx3oB0Z7vzZdoWDHlNud2aWKSZNwYCLEZjnikDxMZWKggS185jKVTCqLxCk8NFrVwnTlKMpNRqcz12srXta_vaSZ-p5JjKFeadOrbE8sOenGUZw59YzhCMozj7-rUlBtOSWjVznfDPi7xdZ6pFqWjfDm20WZJpRHfarr3h8QzRJKwbZJqWqaQIY42dCLiKyvJZW2rDtZSH-ttDf44fEHT3fUNb8D_ANkxxxkWK6BqF5dXIaORI_sV2JdIkt2VXaO1kubF2nk2weUkai4r548O_s-_FTVNfljszIlkkoWS9NzDEwgjm3SGOaRFnUxMSz5cMQiqjFUUD7n0PwBqnw602wuNQmia6iCQoZbuWS3lkaeCOe9jkEUsVyyWySMqyqsxQtCs0Ts86_P5li8LSgvYPD1Ks3aHLac1ZuzvOTSk9Fr52ufpuC9nXwM6TwmPpJqHtK-IlQpqChKbfJDD0qT95NKTk2nHlTbcbvyqH-zvClneaS1pHDfx3NxK8vlRxSSyzSGWRoTE5bbI4MsTuGjjdxuJMaNXwl-2J8U9Wl8JeDfBNnf3Fo-qa7Jqt9NZXclpv0_RLC5tRYXyQSxyPb3suvw3YtmMtsz6dDMsZkgDD6N-NHxOt59d-w6Iour9z5UMUIZXkeO4lDXEkxO9AJCVZyod48Dcdq5-Pf2mNGhi8N_C-6vZln1XTNT8TDVWGwGcavaWlwNqlmJNs-iWdtCjEpE8ssjI7MAPT4dw8Y4rBV8TTftKlRRtJaqUYVJKbV3eCfKm30btqnf4niPHOplWb4bCOKp4enSVWWkVKEsRTg6dOSdnOom7pXSjdSk-ZHmfwi-NviX4Ua9pur-FPiF4v0fWobywvI49Eu76S0mksp4ry0GpWL3UVpqkUN1bxSSadqNvfWEkZkEsc1sZbc_rV4d_4KdWVrod5e_Er4TWPxB1HX7TTdA8ReNvBXiS30XX7XRrSPUYBcxeDL_QZ9Pu72NtSnuJLTTr-wtJ2QmSPStPKXSfhlc2V1c2sstrNDpy5XesitFNMIo5ZZN7IsgmkRSrbWmkZ94aIhJYYaydPvNRt43mjvJobiOTynUvKhEsTsvmq6kZkVtrBlIkVtuDkMw_S_YU5PlnThJJppOOnMm7SvGUWmlfr9pXTcXf8cenvRk0rcjUW0pK8tJW3S00d1qnupX_AKjvC178Jbm3-Ffif4ZeJp9a8PfDzQdJufB_h6P-2Nb16PzPA2p-HNNi8V2-meGxcx-RHrSaoNJ1hVm0y9NzYvcpJNfVzmsfGL4WfCi11nQ9H0XUfEnirxprml-KvEvi_wAdeHJdP0Wz8WNZQWOnafpHh5zcXC3Wn6fFamLSzILa2tcQ3ZYgWzfj9-zJ-1ldfDDSbjwlHd6Zo-qCz1mz8Na5c20ctlpU-qzXV3cfaFihka2Etw0yW0f2aS3IkgtrdLGCEyv9c_tHWPxz-KfjvVvBPwb1nUPjNommXWnXPhX4oeB9Gk0TTr2zvdC0WW-toobuY6h5Gl6sdR077OzXLXKQw3COYrhbdfKq4JNzuoNOWiklKNr6O0lvZJrSy6q615aar08TOcIxpcqiqdVVIxd22tOX3oys9NXvNe9dX-m9Z07UNd0-Dx1qPiPw5BJ4ivJo7jV9bmMzyXdmrxPppjsLy1t7CS2iSIx6flWhgUYhXDUVifDX4F-OY_2dtH8D_EPw9_b3iXTPiPresC2utQ1rTBbafdaBpse8XksWnyXEsd1JNBNFmQCUOxOFR2KwjSj7yu3Z2upTjdJvWyfb9Fd2ubwc4xtJpvvFOKer6J6aW_HqYnwt_Zf-OHwq8XfYXmF1p_jCxfQNQSOG1a-Mlw6XGjajp_mXM9uuoaFq1ta6pZTSQskBinkUCOWV2-ovGc_7cHh3Qfh14Y8YXXhrxVpPhvStTl8az-LfDvw41yXWvN8QajLaxSWd9Y372yW2kW9haxJbiKW6Qr56F2Zkt_E74FftUX-iWOg2oufGbaJEzyeLbXXvD-l63q94zkfbLCzttP0s6SpjS38qzubi7uoHMzi-Bdyfl-y_Y98eRzW-qeLvAfxQk1B57yXWRb6pJqp1MyPm3FxfWfiB7qFYUUJsgkHm7v35cqqrphMDRk6_1nEVKcItxg0lNSinaKklTm2pa_FHRtXStcurKSgpUIQbaXtE3KKUuaa012tyvS-9tWrr7BXwBpPj3RRFof7OvgO515DaLqurSfCaPw_YQSXQWa5thD4e07RbtbmxAnVJbXVGHEKRtGkjyjw79quZf2Qv2Y9Z-KPiP9mD4RaXqnjW5k8EfDrWPEEHjTXtQ_4TjV7HWmj1ax8NeKvFPiHSAnhGy0278RImoaPNoN3eRWekajGVurczchY_AeXRdRS41_Rvj1omhJFLBMPC8_jGW9N_cSPDavtk1IRyZKpbmNb0TOSsgjkdmB_GP9tD4tQeN_Ffhr4Z-GfFvjLxX4A-E9nqVnoV74z1_V9e1GfXvEd2uo-Ir1JtV13WRaRRJbaboiWdpMluv9jSXawsbl7iTshluAUFUhWVap7j9nDDx9lTUZOLVSdXD05qTSvFUZNX3k42cuejVxNTmhPDRpKC1n7SU3Xbm-VxUsRV5OVWcrqmmvhg23b5f8NeI7y61nU11C4ed9XjuTNJcSSytcX7zTSLLMWfMxeWd5XWXzCWy8hbZur6E8AeJ9e0WwttY8OyTNfaJcSWGraczOqTGIvLYzRhWYxxXdjNCk8xLibULe_cMJI5CfjWSeW0uI5YCVlinLxuMg5RpF24Ug4cYDAEZBAznk_UfgyLVNF0Gb4i2Vhqd3oMd1BpGsTG10_-xZJZPsUs9m88mqrdpqlmL6ykhkTThZRm5WKfUBJdPZ1eKwyrUpR5YSfKrRmrxlHmk3F2aspJNLVJNu90pM9TBV1RqwqOco2tHni7OMnOLjK70dpQT1TdnJRu9T65T9uvxVZ2Y0-60-WzuIIfs7SKoS4k2nbGZJFKIzfJHvmRtzhQrqAAa5i-_a1-J_jXbpWm3E8KSqkLXTys0iQsXiRIzmQIRvco2_hGmUPGWdD5frWi-FfE0Nvq2ntE1pex-bFKVZNiltskEnlRzuHt5cwyRudyNvBlkAZF6zQ9N8KeDbAale3NsxYOUjXcSQobaokmjjVQA4dzh3QiNyVYOa-Z-oZdThNxy6LrKUbQ5W0pOUl1dnsmk5Wtd21Tf2NHMs5rRnGtmslhVGKlLmjF1KTnKy0Wt-jabupJvRHpXg_TrqOZ_EXiC5Mlw7K9xdXa7vMMaylYYHaMOsVqxR2C5UqqRvKHKNXy98RvFi-P_E91qVxebdB0yRrXRIlk2wyKhY3V82FXd9oYQ4RAFFusM0rwIlzU3xH-MGoeJ9Hv9O0C2ktvD0W6C61EzW0MepumGfTLZ7hVkntIl8q41B7OP5oBCt9GLGaaOX5yXWpL28abWAJrbI85JLp_slrGNwf7S0ccj3booZktYEcmQspEzlNvrZXl9SFSWKxMIe1cOSlTSjJ0YtpttxcopySa0loua7uk342aZrSnRlgMFKX1aM6c69Rt_vqqje2iTlGMtU3dNqLTdrnqDeOdA0iIxwysuDDl7KN0kjuopAYwxhdoZQ0bOZfOZJvtEVqoDhbhjit8R_DrOzR6FDdaj54nF5_Z1ut2ZN0gyFure-WIsZpJWKOhWXBY7wGPnSarDfyLJbaPa27xKfsyB5DZ25OQ88dvsRBK-391EJOGDSFlz5xux2cOnQbkUG6uvM_ePtaSRly0kxyuFZN_y8eWsrKQpBYV7qbi3om_Pfqt_wCt3o9W_nVGLu0_u6fh2_HrfQ7A_Fi7_tK1uINI0nTbuBiratJp0VzdwOzyMW3NHIY1BQOfs0oRHZcoQHNfpN-z3-0B8OvDGi2U3xR_aS1XWrDW9e8JajceF_A6eNLbxHoi6ZbeKDqGmeJ7TVbXw1oFz4Yujd2Nndt4b8U6xqxeS0kt_D1zZR6ikf5U2VtEit5kfmPuDMAAxYs7szvuwWydjOc5LlWJYljWgbLT5RIGtISeFIWNVxhePnOXIw3Kg4OR84KDOcoqUXF7Oy3s929HutVq09rXundtxi90nqnqlur2e3n1_Vn9N_gL40fC640_Vrvwl4-0_wCI8Ntq0ltaah4n-JHwj-G7XVpfQQXl7qll4b-L3jXw14muo5bqG3tpNUfSIog6NaCaaKOBiV_MNHp0lo7vpup6lppkAEgtbuZA6hiwU_PnaGJIBJALNtwWbJXOsHHW9aad7tckJfa3u227r7tle9zB0pSbcZK2i1dRO6tfRSSWy0Xldtq7_wBCC1a4DzFUDqxAG8KnzFpMZOJFBbqgJHDKNxxmtGXUtM022ur7VXhsLGytZr2-vrlktrW0tLKKW4vby6uJmSGCzs4IzPd3TusMESNJOypuccT4j8eeG_AXhLxD428aavZeHPDfhTRr_X_EWtXsjyWel6RpltPd395LHDFJcziGCFtsNrbzXVxKUtrOCe7eKE_yqftZ_wDBT34nftQeJvEWg-HpB4L_AGe9H1Af8I14AuNLtp9Q-It3pMtz_ZGrfFiSRp7fVrD7RJLrl18P3lvPAYeLQtB8R6X4pks18ULFOm53ttpd6K-srevw38tdW7XpJu9vnqvl1_rvfU-if-Ctf7d3wC-OukeFvg58FrrVfGuoeAPGs3iLxD48s2MPgFJzoeueG30bRWa9UeJdTt7nV_OOuHTm0q3t4biPw5rN9p-q385_Bm-muDtWaQyRMQyqvEIkbzQrldxUS5ycksyndGHUjyxpTziZWjbLpK0jXB4D3DySGWSV3xuMkjszuzfNvO7cWLk1kYYNrKcSOu4cDbIrH5m4GVMhYM8XMgYGdHLKQeyEOSCj0tvprrLtbT4bX133dzWCSTs77X8mua9tPKPV7vXRnIXKJJNEnHMyhmG3IyZNy5VFYH5TyWbop3Ehs_bnwEhPiv4afEj4XXKGBrq0vNY02VpGIk1K70pgsoTbvjFrNpFnKVYkYbCvIkaV8azxBLmJGDOGlbYhIwR-9AQlU5OEcqSzLtw_zFhX2n-yKoh8dav-6aWL_hGZ5JIx8yiP-1dLiOFZ9sTCOWZS6qoKNIxClXZqt7kpX1Xra17a6Ppra_ldvUxrycKc2re6oS1V7tTbV1fXVare3LrZJv5b8MeMPEOjrstozcWUx3yafK6yW8w2lDLGr3Mcsbqv3pozFIqFoncxAqektbtvGniS104PcJpximvLyBL2aW5mgsYLi9nhjl2RfZ4rmaMWsT-TttzPDNNBIkawVySaVc6bdanpDH57S8ubK5UIpQvaXUsEqSRgPFL88b4-XjnEpKh20tM1Q-EGvdUtLVDe3Om3VnFMrPH9kN95SLcRbogGuEVd8SncFYqZSyM5B7KDftVH3-WOq66vVq-r31ett20tNoVqkYyp88uR9NbaO60vfluk0trvu5SKPjC_ubTVZrG6e2VoEiitdDszLHZaVB5ks0cJWOTdDLAQjSRJL9oF2Jrm4ke4eWeuFiSe6lGXLRplVUIkaR7mdtkaAKgb5ztjjRQiHkcNungt5b2ZpZHYndundt7EyyvKzFdy5UrtYYOQgcZIXAO_a2scI2rkKvLMSVVVBckk4bGfmLO5YlnySdxFaJci0Wr6W87b3Vkvn6tamcbPmvZKytbT7Utld9Hro7K2qs7v06zCMFQDeBljkAYVjzyBk4AYnk5HBxmppmSWcyq5kVIo4YmIZVwDIzuikn77PjccMVVcZUkU1J96kR8QcZzuDTkFgzOpwUTJUxxnJ3KryDgx0qIzkqgzgE4BAH3sk8kDlmye5LEkkktUxjq3LZK26t8TWtttPnt1uwsldxbvoktdrt3t3vbytJaXjd3LVNoLFWyw4bjbtyuAMMSSduTkDGCM8Emc7Ad2Bv5xwN7YyuAcdeB36MM8BiIYpAYQoOGwV78YMnOcem09f4sZJU5k-8p-XGflDcEqS0nI4yDkBvqF5yuSrau-m2y21kr9dPd26330uUpxS5b6pR6N7uXa9tObe28N1e6tIEXcQccDsCCd2OpA_gPQnnjPOSVWjkRd6yuJFOCjNubOCR90glTyTz0ycZBySjleu_To9f6_pIpSTW6Xk_n5-Sfz3umf0T_8Frfite6f4G-F_wABdF8cC0tfFt7feNfiV4Rtn1H-29S0DQrq3h8DtezqIrNvDt5r0Gu3bWd00n2vxBoGj31tE1zpEjr_ADoS3KNmGMFYLSNI44gAFVUEg-XGNxJUsGYbirLvdmBJKKVKKjSil9qMZNtK93KP4e87J333et8o7r1S695q--_up-vfW8VuGZgmfkwrbwpG7ezkthRgEBfmyM7myzAZNZuokhpZgoLI0aRFQM_LI0hbzN2CVELAnO5sgFhmTcUVo0trv-nBfLfbbbTR3cZOKaVuj1v_AJ_15j45lu5VEh_0i3dX3DKCQYkjzjbhnVQQ5B-dMEgH52-3_wBkJdniPxFqAVfksdMsCSEChr6-uJs7nZF3f6Bl2kbaAxXaQxYlFFk4W7pJ_fFX33tL8EtVe_PX_g1Hv8P_AKXNd_7qt6s-e9ftoYvGvjQNgBfF3iZUAY4ZY9bvlwCFAZdyEAsgXcyBwGby64nWrWS8nghZwIIsu8YEirlHaON1yAhaSI7FjRAY13vu2GOKiiogrJq792Ltr27972Tfyvezv12XLsun_pUF3vs-97WV3a5VSzhhQJETGI13nA2qqhnZ2LbfvYBbJO4tlmJAya7uksZjRSseQTyymUqzEM2cMFzlkUndkKxIxtooq4K65m2366fFNdv7q021e71Ivo1ZdH1vv5t_8N1GgAbiB1K5I6Z5Az7kDg5zgYJIAq-qDe7xjAC7SApXuDnHBPQdPbkkZJRTcU1a7tt8tPXsvw6q7l6p67212el9tevX5dbkUjxwudzJGCVVd7xRqc7shA8kYLMerZJ42jJFWlDyRNNCrSQx_M8kcFzKm3cQCXgilRQTn5mbbwz527iCiiKVrWWsY3fX7a7_AN1f8F3bLK7dlr5dm2vz_Ldq5khomchGDEL19i3HGQw9i6ruGGQEE4KKKdvN_h_kB__Z')
--INSERT INTO PROFILEPICTURE (USER_ID, ERZEUGT, IMAGEDATASTRINGSMALL, IMAGEDATASTRING) VALUES ('2','01.08.2007 00:00:00',)
--INSERT INTO PROFILEPICTURE (USER_ID, ERZEUGT, IMAGEDATASTRINGSMALL, IMAGEDATASTRING) VALUES ('3','01.08.2007 00:00:00',)
--INSERT INTO PROFILEPICTURE (USER_ID, ERZEUGT, IMAGEDATASTRINGSMALL, IMAGEDATASTRING) VALUES ('4','01.08.2007 00:00:00',)


-- Freundschaft
--  
-- Attribute:
-- id owner_id friend_id
--

--Till
INSERT INTO FREUNDSCHAFT (OWNER_ID, FRIEND_ID) VALUES ('1', '2')
INSERT INTO FREUNDSCHAFT (OWNER_ID, FRIEND_ID) VALUES ('1', '3')
INSERT INTO FREUNDSCHAFT (OWNER_ID, FRIEND_ID) VALUES ('1', '4')
INSERT INTO FREUNDSCHAFT (OWNER_ID, FRIEND_ID) VALUES ('1', '5')

INSERT INTO FREUNDSCHAFT (OWNER_ID, FRIEND_ID) VALUES ('1', '6')
INSERT INTO FREUNDSCHAFT (OWNER_ID, FRIEND_ID) VALUES ('1', '16')
INSERT INTO FREUNDSCHAFT (OWNER_ID, FRIEND_ID) VALUES ('1', '26')
INSERT INTO FREUNDSCHAFT (OWNER_ID, FRIEND_ID) VALUES ('1', '36')
INSERT INTO FREUNDSCHAFT (OWNER_ID, FRIEND_ID) VALUES ('1', '46')
INSERT INTO FREUNDSCHAFT (OWNER_ID, FRIEND_ID) VALUES ('1', '56')

--Michi
INSERT INTO FREUNDSCHAFT (OWNER_ID, FRIEND_ID) VALUES ('2', '3')
INSERT INTO FREUNDSCHAFT (OWNER_ID, FRIEND_ID) VALUES ('2', '4')
INSERT INTO FREUNDSCHAFT (OWNER_ID, FRIEND_ID) VALUES ('2', '5')

INSERT INTO FREUNDSCHAFT (OWNER_ID, FRIEND_ID) VALUES ('2', '7')
INSERT INTO FREUNDSCHAFT (OWNER_ID, FRIEND_ID) VALUES ('2', '17')
INSERT INTO FREUNDSCHAFT (OWNER_ID, FRIEND_ID) VALUES ('2', '27')
INSERT INTO FREUNDSCHAFT (OWNER_ID, FRIEND_ID) VALUES ('2', '37')
INSERT INTO FREUNDSCHAFT (OWNER_ID, FRIEND_ID) VALUES ('2', '47')
INSERT INTO FREUNDSCHAFT (OWNER_ID, FRIEND_ID) VALUES ('2', '57')
INSERT INTO FREUNDSCHAFT (OWNER_ID, FRIEND_ID) VALUES ('2', '67')

--Günni
INSERT INTO FREUNDSCHAFT (OWNER_ID, FRIEND_ID) VALUES ('3', '4')
INSERT INTO FREUNDSCHAFT (OWNER_ID, FRIEND_ID) VALUES ('3', '5')

INSERT INTO FREUNDSCHAFT (OWNER_ID, FRIEND_ID) VALUES ('3', '8')
INSERT INTO FREUNDSCHAFT (OWNER_ID, FRIEND_ID) VALUES ('3', '18')
INSERT INTO FREUNDSCHAFT (OWNER_ID, FRIEND_ID) VALUES ('3', '28')
INSERT INTO FREUNDSCHAFT (OWNER_ID, FRIEND_ID) VALUES ('3', '38')
INSERT INTO FREUNDSCHAFT (OWNER_ID, FRIEND_ID) VALUES ('3', '48')
INSERT INTO FREUNDSCHAFT (OWNER_ID, FRIEND_ID) VALUES ('3', '58')
INSERT INTO FREUNDSCHAFT (OWNER_ID, FRIEND_ID) VALUES ('3', '68')
INSERT INTO FREUNDSCHAFT (OWNER_ID, FRIEND_ID) VALUES ('3', '78')

--Richter
INSERT INTO FREUNDSCHAFT (OWNER_ID, FRIEND_ID) VALUES ('4', '5')

INSERT INTO FREUNDSCHAFT (OWNER_ID, FRIEND_ID) VALUES ('4', '9')
INSERT INTO FREUNDSCHAFT (OWNER_ID, FRIEND_ID) VALUES ('4', '19')
INSERT INTO FREUNDSCHAFT (OWNER_ID, FRIEND_ID) VALUES ('4', '29')
INSERT INTO FREUNDSCHAFT (OWNER_ID, FRIEND_ID) VALUES ('4', '39')
INSERT INTO FREUNDSCHAFT (OWNER_ID, FRIEND_ID) VALUES ('4', '49')
INSERT INTO FREUNDSCHAFT (OWNER_ID, FRIEND_ID) VALUES ('4', '59')
INSERT INTO FREUNDSCHAFT (OWNER_ID, FRIEND_ID) VALUES ('4', '69')
INSERT INTO FREUNDSCHAFT (OWNER_ID, FRIEND_ID) VALUES ('4', '79')
INSERT INTO FREUNDSCHAFT (OWNER_ID, FRIEND_ID) VALUES ('4', '80')

--Seifert
INSERT INTO FREUNDSCHAFT (OWNER_ID, FRIEND_ID) VALUES ('5', '11')
INSERT INTO FREUNDSCHAFT (OWNER_ID, FRIEND_ID) VALUES ('5', '21')
INSERT INTO FREUNDSCHAFT (OWNER_ID, FRIEND_ID) VALUES ('5', '31')
INSERT INTO FREUNDSCHAFT (OWNER_ID, FRIEND_ID) VALUES ('5', '41')
INSERT INTO FREUNDSCHAFT (OWNER_ID, FRIEND_ID) VALUES ('5', '51')
INSERT INTO FREUNDSCHAFT (OWNER_ID, FRIEND_ID) VALUES ('5', '61')
INSERT INTO FREUNDSCHAFT (OWNER_ID, FRIEND_ID) VALUES ('5', '71')
INSERT INTO FREUNDSCHAFT (OWNER_ID, FRIEND_ID) VALUES ('5', '35')
INSERT INTO FREUNDSCHAFT (OWNER_ID, FRIEND_ID) VALUES ('5', '45')
INSERT INTO FREUNDSCHAFT (OWNER_ID, FRIEND_ID) VALUES ('5', '55')


-- PARTY
--
-- Attribute:
--  id beschreibung datum titel uhrzeit adresse_fk veranstalter_fk
--
-- Testfälle für offene(=zukünftige) und geschlossen(=Datum in der Vergangenheit) Parties
-- 
-- Veranstalter-ID=1
-- +++ zukünftig +++--
INSERT INTO PARTY(ID, BESCHREIBUNG, DATUM, TITEL, UHRZEIT, VERANSTALTER, LATITUDE, LONGITUDE) VALUES('200','Motto Party zu Halloween. Bitte alle verkleidet kommen!','30.10.2015 08:00:00','Halloween-Party','20:00','1','49.015666','8.389606');
INSERT INTO PARTY(ID, BESCHREIBUNG, DATUM, TITEL, UHRZEIT, VERANSTALTER, LATITUDE, LONGITUDE) VALUES('201','Die Klausuren sind vorbei und das muss richtig begossen werden. Bringt gute Laune und Durst mit!','21.02.2015 08:00:00','Klausuren vorbei Feierei','21:00','1','49.015666','8.389606');

-- +++ abgeschlossen +++
INSERT INTO PARTY(ID, BESCHREIBUNG, DATUM, TITEL, UHRZEIT, VERANSTALTER, LATITUDE, LONGITUDE) VALUES('202','Unter dem Motto wer hat die dicksten ... veranstalten wir zu Ostern eine Oster-Eierrallye in unserer WG!','17.04.2014 08:00:00','Ostern-Eierralley','18:00','1','49.015666','8.389606');
INSERT INTO PARTY(ID, BESCHREIBUNG, DATUM, TITEL, UHRZEIT, VERANSTALTER, LATITUDE, LONGITUDE) VALUES('203','Zu meinem 24ten Geburtstag veranstalte ich eine kleine Feier. Bringt gute Laune mit.','20.08.2014 08:00:00','Geburtstagsfetz','21:00','1','49.015666','8.389606');
INSERT INTO PARTY(ID, BESCHREIBUNG, DATUM, TITEL, UHRZEIT, VERANSTALTER, LATITUDE, LONGITUDE) VALUES('204','A little party never killed nobody: In diesem Sinne veranstaltet meine WG eine kleine Feier.','15.07.2014 08:00:00','A little party never killed nobody','22:00','1','49.015666','8.389606');

-- Veranstalter-ID=2
-- +++ zukünftig +++ ---
INSERT INTO PARTY(ID, BESCHREIBUNG, DATUM, TITEL, UHRZEIT, VERANSTALTER, LATITUDE, LONGITUDE) VALUES('205','Fuer ein unvergessliches Feiererlebnis, moechte ich in meiner WG unter dem Motto: "Man(n) traegt Bart - Frau Abendkleid, lade ich zu meiner Party.','21.05.2015 08:00:00','Man(n) traegt Bart - Frau hat die Haare schoen','20:00','2','49.0078845','8.42174');
INSERT INTO PARTY(ID, BESCHREIBUNG, DATUM, TITEL, UHRZEIT, VERANSTALTER, LATITUDE, LONGITUDE) VALUES('206','Zu meinem Geburtstag veranstalte ich eine WG-Party bei mir in Karlsruhe. Start ist 22:00.','21.05.2015 08:00:00','Geburtstagsparty','22:00','2','49.0078845','8.42174');


-- +++ abgeschlossen +++ ---
INSERT INTO PARTY(ID, BESCHREIBUNG, DATUM, TITEL, UHRZEIT, VERANSTALTER, LATITUDE, LONGITUDE) VALUES('207','Total durchdrehen und Spass dabei. Wer nichts feiert ist selbst Schuld','03.03.2013 08:00:00','Totale Eskalation','20:00','2','49.0078845','8.42174');
INSERT INTO PARTY(ID, BESCHREIBUNG, DATUM, TITEL, UHRZEIT, VERANSTALTER, LATITUDE, LONGITUDE) VALUES('208','Ein Genuss fuer den Gaumen und die Geschmackssinne. Eine Party ohne Alkohol, dafuer leckere selbst gepresste Saefte','12.12.2014 08:00:00','Saftparty','20:00','2','49.0078845','8.42174');
INSERT INTO PARTY(ID, BESCHREIBUNG, DATUM, TITEL, UHRZEIT, VERANSTALTER, LATITUDE, LONGITUDE) VALUES('209','Wer Hut oder Muetze traegt wird sofort rausgeschmissen!','05.08.2014 08:00:00','Oben ohne Party','22:00','2','49.0078845','8.42174');

-- Veranstalter-ID=3
-- +++ zukünftig +++ ---
INSERT INTO PARTY(ID, BESCHREIBUNG, DATUM, TITEL, UHRZEIT, VERANSTALTER, LATITUDE, LONGITUDE) VALUES('210','Kramt in den Kleiderkisten eurer Eltern und zieht die schrecklichsten Klamotten aus den 80ern und 90ern an.','14.04.2015 08:00:00','Bad Taste Party','20:00','3','49.12804','8.34127');
INSERT INTO PARTY(ID, BESCHREIBUNG, DATUM, TITEL, UHRZEIT, VERANSTALTER, LATITUDE, LONGITUDE) VALUES('211','Zu meinem Geburtstag veranstalte ich eine WG-Party bei mir in Karlsruhe. Start ist 22:00.','21.05.2015 08:00:00','Geburtstagsparty','22:00','3','49.12804','8.34127');

-- +++ abgeschlossen +++ ---
INSERT INTO PARTY(ID, BESCHREIBUNG, DATUM, TITEL, UHRZEIT, VERANSTALTER, LATITUDE, LONGITUDE) VALUES('212','Gemuetliches Feiern zu Weihnachten mit Gluehwein, Punsch und Lebkuchen','25.12.2014 08:00:00','Weihnachtsspecial','20:00','3','49.12804','8.34127');
INSERT INTO PARTY(ID, BESCHREIBUNG, DATUM, TITEL, UHRZEIT, VERANSTALTER, LATITUDE, LONGITUDE) VALUES('213','Party feiern im Atzen-Style. Der beste Atze wird mit einem Preis praemiert','10.04.2014 08:00:00','Atzen-Party','21:00','3','49.12804','8.34127');
INSERT INTO PARTY(ID, BESCHREIBUNG, DATUM, TITEL, UHRZEIT, VERANSTALTER, LATITUDE, LONGITUDE) VALUES('214','Like a Sir. Eine Party mit gehobenem Anspruch in meiner WG - es gibt nur Whiskey und kubanische Zigarren. Wer einen Hut traegt, bekommt einen Preis.','12.09.2014 08:00:00','Whiskey&Cigars','22:00','3','49.12804','8.34127');

-- Veranstalter-ID=4
-- +++ zukünftig +++ ---
INSERT INTO PARTY(ID, BESCHREIBUNG, DATUM, TITEL, UHRZEIT, VERANSTALTER, LATITUDE, LONGITUDE) VALUES('215','Bevor unsere WG aufgeloest wird, wollen wir nochmal so richtig die Sau rauslassen.','13.07.2015 08:00:00','Abrissparty','22:00','4','48.87929','8.328419999999999');
INSERT INTO PARTY(ID, BESCHREIBUNG, DATUM, TITEL, UHRZEIT, VERANSTALTER, LATITUDE, LONGITUDE) VALUES('216','Die Klausuren sind rum - feiert mit uns die Rueckkehr zurueck ins normale Leben.','20.07.2015 08:00:00','Feiern bis zum Umfallen','22:00','4','48.87929','8.328419999999999');

-- +++ abgeschlossen +++ ---
INSERT INTO PARTY(ID, BESCHREIBUNG, DATUM, TITEL, UHRZEIT, VERANSTALTER, LATITUDE, LONGITUDE) VALUES('217','Gemuetliches Feiern im kleinen Rahmen','01.04.2014 08:00:00','Gemuetliches Feiern','20:00','4','48.87929','8.328419999999999');
INSERT INTO PARTY(ID, BESCHREIBUNG, DATUM, TITEL, UHRZEIT, VERANSTALTER, LATITUDE, LONGITUDE) VALUES('218','Einfach mal die Seele baumeln lassen und so richtig durchdrehen - das koennt ihr am 11.05. ab 22:00 Uhr in meiner WG. Getraenke zum Mitbringen siehe Liste','11.05.2014 08:00:00','Die Seele baumln lassen','21:00','4','48.87929','8.328419999999999');
INSERT INTO PARTY(ID, BESCHREIBUNG, DATUM, TITEL, UHRZEIT, VERANSTALTER, LATITUDE, LONGITUDE) VALUES('219','Party Party Party - feiert mit mir und meiner WG','17.08.2014 08:00:00','Party Party Party','22:00','4','48.87929','8.328419999999999');

-- Veranstalter-ID=5
-- +++ zukünftig +++ ---
INSERT INTO PARTY(ID, BESCHREIBUNG, DATUM, TITEL, UHRZEIT, VERANSTALTER, LATITUDE, LONGITUDE) VALUES('220','Um den Release der neuen Version der HsKAmpus iOS-Version zu feiern, lade ich euch recht herzlich ein.','13.07.2015 08:00:00','HsKampus Release Party','20:00','5','49.015666','8.389605999999999');
INSERT INTO PARTY(ID, BESCHREIBUNG, DATUM, TITEL, UHRZEIT, VERANSTALTER, LATITUDE, LONGITUDE) VALUES('221','KickOff Party fuer die Realisierung der neuen App-Versionen im neuen Semester.','20.07.2015 08:00:00','KickOff Party','21:30','5','49.015666','8.389605999999999');

-- +++ abgeschlossen +++ ---
INSERT INTO PARTY(ID, BESCHREIBUNG, DATUM, TITEL, UHRZEIT, VERANSTALTER, LATITUDE, LONGITUDE) VALUES('222','Hallo zusammen. Ich lade euch recht herzlich ein mit mir zu am 21.08. zu feiern.','21.08.2014 08:00:00','Feier im kleinen Rahmen','20:00','5','49.015666','8.389605999999999');
INSERT INTO PARTY(ID, BESCHREIBUNG, DATUM, TITEL, UHRZEIT, VERANSTALTER, LATITUDE, LONGITUDE) VALUES('223','Um das erste Release der HsKampus-App zu feiern, seid ihr alle eingeladen.','12.03.2013 08:00:00','Release Party','22:00','5','49.015666','8.389605999999999');
INSERT INTO PARTY(ID, BESCHREIBUNG, DATUM, TITEL, UHRZEIT, VERANSTALTER, LATITUDE, LONGITUDE) VALUES('224','Zu Weihnachten moechte ich mit euch nochmal feiern und auf das erfolgreiche Jahr zurueckblicken','23.12.2014 08:00:00','Weihnachtsfeier','22:00','5','49.015666','8.389605999999999');

-- Till Party Offen
--zukünftig
INSERT INTO PARTYTEILNAHME(ID, STATUS, PARTY_ID, TEILNEHMER_ID) VALUES ('1','OFFEN','200','6');
INSERT INTO PARTYTEILNAHME(ID, STATUS, PARTY_ID, TEILNEHMER_ID) VALUES ('2','OFFEN','200','16');
INSERT INTO PARTYTEILNAHME(ID, STATUS, PARTY_ID, TEILNEHMER_ID) VALUES ('3','OFFEN','200','26');
INSERT INTO PARTYTEILNAHME(ID, STATUS, PARTY_ID, TEILNEHMER_ID) VALUES ('61','OFFEN','200','2');
INSERT INTO PARTYTEILNAHME(ID, STATUS, PARTY_ID, TEILNEHMER_ID) VALUES ('62','OFFEN','200','3');
INSERT INTO PARTYTEILNAHME(ID, STATUS, PARTY_ID, TEILNEHMER_ID) VALUES ('63','OFFEN','200','4');
INSERT INTO PARTYTEILNAHME(ID, STATUS, PARTY_ID, TEILNEHMER_ID) VALUES ('64','OFFEN','200','5');


INSERT INTO PARTYTEILNAHME(ID, STATUS, PARTY_ID, TEILNEHMER_ID) VALUES ('4','OFFEN','201','36');
INSERT INTO PARTYTEILNAHME(ID, STATUS, PARTY_ID, TEILNEHMER_ID) VALUES ('5','OFFEN','201','46');
INSERT INTO PARTYTEILNAHME(ID, STATUS, PARTY_ID, TEILNEHMER_ID) VALUES ('6','OFFEN','201','56');

--vergangenheit
INSERT INTO PARTYTEILNAHME(ID, STATUS, PARTY_ID, TEILNEHMER_ID) VALUES ('7','OFFEN','202','6');
INSERT INTO PARTYTEILNAHME(ID, STATUS, PARTY_ID, TEILNEHMER_ID) VALUES ('8','OFFEN','202','16');
INSERT INTO PARTYTEILNAHME(ID, STATUS, PARTY_ID, TEILNEHMER_ID) VALUES ('9','OFFEN','202','26');

INSERT INTO PARTYTEILNAHME(ID, STATUS, PARTY_ID, TEILNEHMER_ID) VALUES ('10','OFFEN','203','36');
INSERT INTO PARTYTEILNAHME(ID, STATUS, PARTY_ID, TEILNEHMER_ID) VALUES ('11','OFFEN','203','46');
INSERT INTO PARTYTEILNAHME(ID, STATUS, PARTY_ID, TEILNEHMER_ID) VALUES ('12','OFFEN','203','56');

INSERT INTO PARTYTEILNAHME(ID, STATUS, PARTY_ID, TEILNEHMER_ID) VALUES ('13','OFFEN','204','6');
INSERT INTO PARTYTEILNAHME(ID, STATUS, PARTY_ID, TEILNEHMER_ID) VALUES ('14','OFFEN','204','16');
INSERT INTO PARTYTEILNAHME(ID, STATUS, PARTY_ID, TEILNEHMER_ID) VALUES ('15','OFFEN','204','26');

-- Till Party Absagen
--zukünftig
INSERT INTO PARTYTEILNAHME(ID, STATUS, PARTY_ID, TEILNEHMER_ID) VALUES ('16','ABSAGE','200','36');
INSERT INTO PARTYTEILNAHME(ID, STATUS, PARTY_ID, TEILNEHMER_ID) VALUES ('17','ABSAGE','200','46');

INSERT INTO PARTYTEILNAHME(ID, STATUS, PARTY_ID, TEILNEHMER_ID) VALUES ('18','ABSAGE','201','71');
INSERT INTO PARTYTEILNAHME(ID, STATUS, PARTY_ID, TEILNEHMER_ID) VALUES ('19','ABSAGE','201','72');

--vergangenheit
INSERT INTO PARTYTEILNAHME(ID, STATUS, PARTY_ID, TEILNEHMER_ID) VALUES ('20','ABSAGE','202','73');
INSERT INTO PARTYTEILNAHME(ID, STATUS, PARTY_ID, TEILNEHMER_ID) VALUES ('21','ABSAGE','202','74');

INSERT INTO PARTYTEILNAHME(ID, STATUS, PARTY_ID, TEILNEHMER_ID) VALUES ('22','ABSAGE','203','75');
INSERT INTO PARTYTEILNAHME(ID, STATUS, PARTY_ID, TEILNEHMER_ID) VALUES ('23','ABSAGE','203','76');

INSERT INTO PARTYTEILNAHME(ID, STATUS, PARTY_ID, TEILNEHMER_ID) VALUES ('24','ABSAGE','204','77');
INSERT INTO PARTYTEILNAHME(ID, STATUS, PARTY_ID, TEILNEHMER_ID) VALUES ('25','ABSAGE','204','78');



-- Till Party Zusagen
--zukünftig
INSERT INTO PARTYTEILNAHME(ID, STATUS, PARTY_ID, TEILNEHMER_ID) VALUES ('26','ZUSAGE','200','30');
INSERT INTO PARTYTEILNAHME(ID, STATUS, PARTY_ID, TEILNEHMER_ID) VALUES ('27','ZUSAGE','200','31');
INSERT INTO PARTYTEILNAHME(ID, STATUS, PARTY_ID, TEILNEHMER_ID) VALUES ('28','ZUSAGE','200','32');
INSERT INTO PARTYTEILNAHME(ID, STATUS, PARTY_ID, TEILNEHMER_ID) VALUES ('29','ZUSAGE','200','33');
INSERT INTO PARTYTEILNAHME(ID, STATUS, PARTY_ID, TEILNEHMER_ID) VALUES ('30','ZUSAGE','200','34');
INSERT INTO PARTYTEILNAHME(ID, STATUS, PARTY_ID, TEILNEHMER_ID) VALUES ('31','ZUSAGE','200','35');
INSERT INTO PARTYTEILNAHME(ID, STATUS, PARTY_ID, TEILNEHMER_ID) VALUES ('32','ZUSAGE','200','37');

INSERT INTO PARTYTEILNAHME(ID, STATUS, PARTY_ID, TEILNEHMER_ID) VALUES ('33','ZUSAGE','201','30');
INSERT INTO PARTYTEILNAHME(ID, STATUS, PARTY_ID, TEILNEHMER_ID) VALUES ('34','ZUSAGE','201','31');
INSERT INTO PARTYTEILNAHME(ID, STATUS, PARTY_ID, TEILNEHMER_ID) VALUES ('35','ZUSAGE','201','32');
INSERT INTO PARTYTEILNAHME(ID, STATUS, PARTY_ID, TEILNEHMER_ID) VALUES ('36','ZUSAGE','201','33');
INSERT INTO PARTYTEILNAHME(ID, STATUS, PARTY_ID, TEILNEHMER_ID) VALUES ('37','ZUSAGE','201','34');
INSERT INTO PARTYTEILNAHME(ID, STATUS, PARTY_ID, TEILNEHMER_ID) VALUES ('38','ZUSAGE','201','35');
INSERT INTO PARTYTEILNAHME(ID, STATUS, PARTY_ID, TEILNEHMER_ID) VALUES ('39','ZUSAGE','201','37');

--vergangenheit
INSERT INTO PARTYTEILNAHME(ID, STATUS, PARTY_ID, TEILNEHMER_ID) VALUES ('40','ZUSAGE','202','2');
INSERT INTO PARTYTEILNAHME(ID, STATUS, PARTY_ID, TEILNEHMER_ID) VALUES ('41','ZUSAGE','202','3');
INSERT INTO PARTYTEILNAHME(ID, STATUS, PARTY_ID, TEILNEHMER_ID) VALUES ('42','ZUSAGE','202','4');
INSERT INTO PARTYTEILNAHME(ID, STATUS, PARTY_ID, TEILNEHMER_ID) VALUES ('43','ZUSAGE','202','5');
INSERT INTO PARTYTEILNAHME(ID, STATUS, PARTY_ID, TEILNEHMER_ID) VALUES ('44','ZUSAGE','202','10');
INSERT INTO PARTYTEILNAHME(ID, STATUS, PARTY_ID, TEILNEHMER_ID) VALUES ('45','ZUSAGE','202','11');
INSERT INTO PARTYTEILNAHME(ID, STATUS, PARTY_ID, TEILNEHMER_ID) VALUES ('46','ZUSAGE','202','12');

INSERT INTO PARTYTEILNAHME(ID, STATUS, PARTY_ID, TEILNEHMER_ID) VALUES ('47','ZUSAGE','203','2');
INSERT INTO PARTYTEILNAHME(ID, STATUS, PARTY_ID, TEILNEHMER_ID) VALUES ('48','ZUSAGE','203','3');
INSERT INTO PARTYTEILNAHME(ID, STATUS, PARTY_ID, TEILNEHMER_ID) VALUES ('49','ZUSAGE','203','4');
INSERT INTO PARTYTEILNAHME(ID, STATUS, PARTY_ID, TEILNEHMER_ID) VALUES ('50','ZUSAGE','203','5');
INSERT INTO PARTYTEILNAHME(ID, STATUS, PARTY_ID, TEILNEHMER_ID) VALUES ('51','ZUSAGE','203','10');
INSERT INTO PARTYTEILNAHME(ID, STATUS, PARTY_ID, TEILNEHMER_ID) VALUES ('52','ZUSAGE','203','11');
INSERT INTO PARTYTEILNAHME(ID, STATUS, PARTY_ID, TEILNEHMER_ID) VALUES ('53','ZUSAGE','203','12');

INSERT INTO PARTYTEILNAHME(ID, STATUS, PARTY_ID, TEILNEHMER_ID) VALUES ('54','ZUSAGE','204','2');
INSERT INTO PARTYTEILNAHME(ID, STATUS, PARTY_ID, TEILNEHMER_ID) VALUES ('55','ZUSAGE','204','3');
INSERT INTO PARTYTEILNAHME(ID, STATUS, PARTY_ID, TEILNEHMER_ID) VALUES ('56','ZUSAGE','204','4');
INSERT INTO PARTYTEILNAHME(ID, STATUS, PARTY_ID, TEILNEHMER_ID) VALUES ('57','ZUSAGE','204','5');
INSERT INTO PARTYTEILNAHME(ID, STATUS, PARTY_ID, TEILNEHMER_ID) VALUES ('58','ZUSAGE','204','10');
INSERT INTO PARTYTEILNAHME(ID, STATUS, PARTY_ID, TEILNEHMER_ID) VALUES ('59','ZUSAGE','204','11');
INSERT INTO PARTYTEILNAHME(ID, STATUS, PARTY_ID, TEILNEHMER_ID) VALUES ('60','ZUSAGE','204','12');

