
-- ===============================================================================
-- Jede SQL-Anweisung muss in genau 1 Zeile
-- Kommentare durch -- am Zeilenanfang
-- ===============================================================================


-- Nutzer
--
-- Attribute:
-- id email aktualisiert erzeugt hausnr nachname ort password plz 
-- strasse version vorname
--
INSERT INTO NUTZER (ID, EMAIL, PICTURE_ID, AKTUALISIERT, ERZEUGT, NACHNAME, PASSWORD, VERSION, VORNAME) VALUES ('1','arti1011@test.de','999999999','01.08.2007 00:00:00','01.08.2007 00:00:00','Arzner','p',1,'Till');
INSERT INTO NUTZER (ID, EMAIL, PICTURE_ID, AKTUALISIERT, ERZEUGT, NACHNAME, PASSWORD, VERSION, VORNAME) VALUES ('2','mumi1012@test.de','999999999','01.08.2007 00:00:00','01.08.2007 00:00:00','Mueller','p',1,'Michael');
INSERT INTO NUTZER (ID, EMAIL, PICTURE_ID, AKTUALISIERT, ERZEUGT, NACHNAME, PASSWORD, VERSION, VORNAME) VALUES ('3','gupa1012@test.de','999999999','01.08.2007 00:00:00','01.08.2007 00:00:00','Guenther-Schmidt','p',1,'Patrick');
INSERT INTO NUTZER (ID, EMAIL, PICTURE_ID, AKTUALISIERT, ERZEUGT, NACHNAME, PASSWORD, VERSION, VORNAME) VALUES ('4','ride1011@test.de','999999999','01.08.2007 00:00:00','01.08.2007 00:00:00','Richter','p',1,'Dennis');
INSERT INTO NUTZER (ID, EMAIL, PICTURE_ID, AKTUALISIERT, ERZEUGT, NACHNAME, PASSWORD, VERSION, VORNAME) VALUES ('5','seifert@test.de','999999999','01.08.2007 00:00:00','01.08.2007 00:00:00','Seifert','p',1,'Manfred');
INSERT INTO NUTZER (ID, EMAIL, PICTURE_ID, AKTUALISIERT, ERZEUGT, NACHNAME, PASSWORD, VERSION, VORNAME) VALUES ('6','wurst@test.de','999999999','01.08.2007 00:00:00','01.08.2007 00:00:00','Wurst','p',1,'Hans');
INSERT INTO NUTZER (ID, EMAIL, PICTURE_ID, AKTUALISIERT, ERZEUGT, NACHNAME, PASSWORD, VERSION, VORNAME) VALUES ('7','meier@test.de','999999999','01.08.2007 00:00:00','01.08.2007 00:00:00','Meier','p',1,'Klaus');
INSERT INTO NUTZER (ID, EMAIL, PICTURE_ID, AKTUALISIERT, ERZEUGT, NACHNAME, PASSWORD, VERSION, VORNAME) VALUES ('8','chen@test.de','999999999','01.08.2007 00:00:00','01.08.2007 00:00:00','Qudong','p',1,'Chen');
INSERT INTO NUTZER (ID, EMAIL, PICTURE_ID, AKTUALISIERT, ERZEUGT, NACHNAME, PASSWORD, VERSION, VORNAME) VALUES ('9','rastafari@test.de','999999999','01.08.2007 00:00:00','01.08.2007 00:00:00','Rastafari','p',1,'Ralf');
INSERT INTO NUTZER (ID, EMAIL, PICTURE_ID, AKTUALISIERT, ERZEUGT, NACHNAME, PASSWORD, VERSION, VORNAME) VALUES ('10','schmidt@test.de','999999999','01.08.2007 00:00:00','01.08.2007 00:00:00','Schmidt','p',1,'Andreas');
INSERT INTO NUTZER (ID, EMAIL, PICTURE_ID, AKTUALISIERT, ERZEUGT, NACHNAME, PASSWORD, VERSION, VORNAME) VALUES ('11','tischler@test.de','999999999','01.08.2007 00:00:00','01.08.2007 00:00:00','Tischler','p',1,'Thomas');
INSERT INTO NUTZER (ID, EMAIL, PICTURE_ID, AKTUALISIERT, ERZEUGT, NACHNAME, PASSWORD, VERSION, VORNAME) VALUES ('12','ulfudo@test.de','999999999','01.08.2007 00:00:00','01.08.2007 00:00:00','Ulfendoerfer','p',1,'Udo');
INSERT INTO NUTZER (ID, EMAIL, PICTURE_ID, AKTUALISIERT, ERZEUGT, NACHNAME, PASSWORD, VERSION, VORNAME) VALUES ('13','van-persie@test.de','999999999','01.08.2007 00:00:00','01.08.2007 00:00:00','Van-Persie','p',1,'Robin');
INSERT INTO NUTZER (ID, EMAIL, PICTURE_ID, AKTUALISIERT, ERZEUGT, NACHNAME, PASSWORD, VERSION, VORNAME) VALUES ('14','wuerth@test.de','999999999','01.08.2007 00:00:00','01.08.2007 00:00:00','Wuerth','p',1,'Tanja');
INSERT INTO NUTZER (ID, EMAIL, PICTURE_ID, AKTUALISIERT, ERZEUGT, NACHNAME, PASSWORD, VERSION, VORNAME) VALUES ('15','xiando@test.de','999999999','01.08.2007 00:00:00','01.08.2007 00:00:00','Xiando','p',1,'Udo');
INSERT INTO NUTZER (ID, EMAIL, PICTURE_ID, AKTUALISIERT, ERZEUGT, NACHNAME, PASSWORD, VERSION, VORNAME) VALUES ('16','yugo@test.de','999999999','01.08.2007 00:00:00','01.08.2007 00:00:00','Yugo','p',1,'Robin');
INSERT INTO NUTZER (ID, EMAIL, PICTURE_ID, AKTUALISIERT, ERZEUGT, NACHNAME, PASSWORD, VERSION, VORNAME) VALUES ('17','zimmermann@test.de','999999999','01.08.2007 00:00:00','01.08.2007 00:00:00','Zimmermann','p',1,'Juergen');
INSERT INTO NUTZER (ID, EMAIL, PICTURE_ID, AKTUALISIERT, ERZEUGT, NACHNAME, PASSWORD, VERSION, VORNAME) VALUES ('18','sandberg@test.de','999999999','01.08.2007 00:00:00','01.08.2007 00:00:00','Sandberg','p',1,'Samirea');
INSERT INTO NUTZER (ID, EMAIL, PICTURE_ID, AKTUALISIERT, ERZEUGT, NACHNAME, PASSWORD, VERSION, VORNAME) VALUES ('19','schreiber@test.de','999999999','01.08.2007 00:00:00','01.08.2007 00:00:00','Schreiber','p',1,'Robin');
INSERT INTO NUTZER (ID, EMAIL, PICTURE_ID, AKTUALISIERT, ERZEUGT, NACHNAME, PASSWORD, VERSION, VORNAME) VALUES ('20','schieler@test.de','999999999','01.08.2007 00:00:00','01.08.2007 00:00:00','Schieler','p',1,'Juergen');
INSERT INTO NUTZER (ID, EMAIL, PICTURE_ID, AKTUALISIERT, ERZEUGT, NACHNAME, PASSWORD, VERSION, VORNAME) VALUES ('21','alpha@test.de','999999999','01.08.2007 00:00:00','01.08.2007 00:00:00','Alpha','p',1,'Gunther');
INSERT INTO NUTZER (ID, EMAIL, PICTURE_ID, AKTUALISIERT, ERZEUGT, NACHNAME, PASSWORD, VERSION, VORNAME) VALUES ('22','azeloth@test.de','999999999','01.08.2007 00:00:00','01.08.2007 00:00:00','Azeloth','p',1,'Jerry');
INSERT INTO NUTZER (ID, EMAIL, PICTURE_ID, AKTUALISIERT, ERZEUGT, NACHNAME, PASSWORD, VERSION, VORNAME) VALUES ('23','agram@test.de','999999999','01.08.2007 00:00:00','01.08.2007 00:00:00','Agram','p',1,'Bella');
INSERT INTO NUTZER (ID, EMAIL, PICTURE_ID, AKTUALISIERT, ERZEUGT, NACHNAME, PASSWORD, VERSION, VORNAME) VALUES ('24','brown@test.de','999999999','01.08.2007 00:00:00','01.08.2007 00:00:00','Brown','p',1,'Ruven');
INSERT INTO NUTZER (ID, EMAIL, PICTURE_ID, AKTUALISIERT, ERZEUGT, NACHNAME, PASSWORD, VERSION, VORNAME) VALUES ('25','chepster@test.de','999999999','01.08.2007 00:00:00','01.08.2007 00:00:00','Chepster','p',1,'John');
INSERT INTO NUTZER (ID, EMAIL, PICTURE_ID, AKTUALISIERT, ERZEUGT, NACHNAME, PASSWORD, VERSION, VORNAME) VALUES ('26','dammersdorf@test.de','999999999','01.08.2007 00:00:00','01.08.2007 00:00:00','Dammersdorf','p',1,'Bill');
INSERT INTO NUTZER (ID, EMAIL, PICTURE_ID, AKTUALISIERT, ERZEUGT, NACHNAME, PASSWORD, VERSION, VORNAME) VALUES ('27','emster@test.de','999999999','01.08.2007 00:00:00','01.08.2007 00:00:00','Emster','p',1,'Isabell');
INSERT INTO NUTZER (ID, EMAIL, PICTURE_ID, AKTUALISIERT, ERZEUGT, NACHNAME, PASSWORD, VERSION, VORNAME) VALUES ('28','engspitz@test.de','999999999','01.08.2007 00:00:00','01.08.2007 00:00:00','Engspitz','p',1,'Sarah');
INSERT INTO NUTZER (ID, EMAIL, PICTURE_ID, AKTUALISIERT, ERZEUGT, NACHNAME, PASSWORD, VERSION, VORNAME) VALUES ('29','eppstein@test.de','999999999','01.08.2007 00:00:00','01.08.2007 00:00:00','Eppstein','p',1,'Jaqueline');
INSERT INTO NUTZER (ID, EMAIL, PICTURE_ID, AKTUALISIERT, ERZEUGT, NACHNAME, PASSWORD, VERSION, VORNAME) VALUES ('30','elber@test.de','999999999','01.08.2007 00:00:00','01.08.2007 00:00:00','Elber','p',1,'Giovane');
INSERT INTO NUTZER (ID, EMAIL, PICTURE_ID, AKTUALISIERT, ERZEUGT, NACHNAME, PASSWORD, VERSION, VORNAME) VALUES ('31','eckleder@test.de','999999999','01.08.2007 00:00:00','01.08.2007 00:00:00','Eckleder','p',1,'Serafina');
INSERT INTO NUTZER (ID, EMAIL, PICTURE_ID, AKTUALISIERT, ERZEUGT, NACHNAME, PASSWORD, VERSION, VORNAME) VALUES ('32','enigmann@test.de','999999999','01.08.2007 00:00:00','01.08.2007 00:00:00','Enigmann','p',1,'Barbara');
INSERT INTO NUTZER (ID, EMAIL, PICTURE_ID, AKTUALISIERT, ERZEUGT, NACHNAME, PASSWORD, VERSION, VORNAME) VALUES ('33','elfist@test.de','999999999','01.08.2007 00:00:00','01.08.2007 00:00:00','Elfist','p',1,'Walter');
INSERT INTO NUTZER (ID, EMAIL, PICTURE_ID, AKTUALISIERT, ERZEUGT, NACHNAME, PASSWORD, VERSION, VORNAME) VALUES ('34','eckart@test.de','999999999','01.08.2007 00:00:00','01.08.2007 00:00:00','Eckart','p',1,'Timmi');
INSERT INTO NUTZER (ID, EMAIL, PICTURE_ID, AKTUALISIERT, ERZEUGT, NACHNAME, PASSWORD, VERSION, VORNAME) VALUES ('35','frabe@test.de','999999999','01.08.2007 00:00:00','01.08.2007 00:00:00','Frabe','p',1,'Hanna');
INSERT INTO NUTZER (ID, EMAIL, PICTURE_ID, AKTUALISIERT, ERZEUGT, NACHNAME, PASSWORD, VERSION, VORNAME) VALUES ('36','p.islinger@test.de','999999999','01.08.2007 00:00:00','01.08.2007 00:00:00','Islinger','p',1,'Peter');
INSERT INTO NUTZER (ID, EMAIL, PICTURE_ID, AKTUALISIERT, ERZEUGT, NACHNAME, PASSWORD, VERSION, VORNAME) VALUES ('37','m.jaeger@test.de','999999999','01.08.2007 00:00:00','01.08.2007 00:00:00','Jaeger','p',1,'Mark');
INSERT INTO NUTZER (ID, EMAIL, PICTURE_ID, AKTUALISIERT, ERZEUGT, NACHNAME, PASSWORD, VERSION, VORNAME) VALUES ('38','h.kroos@test.de','999999999','01.08.2007 00:00:00','01.08.2007 00:00:00','Kroos','p',1,'Hannelore');
INSERT INTO NUTZER (ID, EMAIL, PICTURE_ID, AKTUALISIERT, ERZEUGT, NACHNAME, PASSWORD, VERSION, VORNAME) VALUES ('39','m.lang@test.de','999999999','01.08.2007 00:00:00','01.08.2007 00:00:00','Lang','p',1,'Michael');
INSERT INTO NUTZER (ID, EMAIL, PICTURE_ID, AKTUALISIERT, ERZEUGT, NACHNAME, PASSWORD, VERSION, VORNAME) VALUES ('40','t.mueller@test.de','999999999','01.08.2007 00:00:00','01.08.2007 00:00:00','Mueller','p',1,'Thomas');
INSERT INTO NUTZER (ID, EMAIL, PICTURE_ID, AKTUALISIERT, ERZEUGT, NACHNAME, PASSWORD, VERSION, VORNAME) VALUES ('41','h.nakamoto@test.de','999999999','01.08.2007 00:00:00','01.08.2007 00:00:00','Nakamoto','p',1,'Hiroshi');
INSERT INTO NUTZER (ID, EMAIL, PICTURE_ID, AKTUALISIERT, ERZEUGT, NACHNAME, PASSWORD, VERSION, VORNAME) VALUES ('42','a.oetker@test.de','999999999','01.08.2007 00:00:00','01.08.2007 00:00:00','Oetker','p',1,'Dr. August');
INSERT INTO NUTZER (ID, EMAIL, PICTURE_ID, AKTUALISIERT, ERZEUGT, NACHNAME, PASSWORD, VERSION, VORNAME) VALUES ('43','a.pele@test.de','999999999','01.08.2007 00:00:00','01.08.2007 00:00:00','Pele','p',1,'Abedi');
INSERT INTO NUTZER (ID, EMAIL, PICTURE_ID, AKTUALISIERT, ERZEUGT, NACHNAME, PASSWORD, VERSION, VORNAME) VALUES ('44','d.quak@test.de','999999999','01.08.2007 00:00:00','01.08.2007 00:00:00','Quak','p',1,'Dagobert');
INSERT INTO NUTZER (ID, EMAIL, PICTURE_ID, AKTUALISIERT, ERZEUGT, NACHNAME, PASSWORD, VERSION, VORNAME) VALUES ('45','n.radtke@test.de','999999999','01.08.2007 00:00:00','01.08.2007 00:00:00','Radtke','p',1,'Nils');
INSERT INTO NUTZER (ID, EMAIL, PICTURE_ID, AKTUALISIERT, ERZEUGT, NACHNAME, PASSWORD, VERSION, VORNAME) VALUES ('46','a.schuerrle@test.de','999999999','01.08.2007 00:00:00','01.08.2007 00:00:00','Schuerrle','p',1,'Andre');
INSERT INTO NUTZER (ID, EMAIL, PICTURE_ID, AKTUALISIERT, ERZEUGT, NACHNAME, PASSWORD, VERSION, VORNAME) VALUES ('47','m.oezil@test.de','999999999','01.08.2007 00:00:00','01.08.2007 00:00:00','Oezil','p',1,'Mesut');
INSERT INTO NUTZER (ID, EMAIL, PICTURE_ID, AKTUALISIERT, ERZEUGT, NACHNAME, PASSWORD, VERSION, VORNAME) VALUES ('48','l.Messi@test.de','999999999','01.08.2007 00:00:00','01.08.2007 00:00:00','Messi','p',1,'Lionel');
INSERT INTO NUTZER (ID, EMAIL, PICTURE_ID, AKTUALISIERT, ERZEUGT, NACHNAME, PASSWORD, VERSION, VORNAME) VALUES ('49','p.mertesacker@test.de','999999999','01.08.2007 00:00:00','01.08.2007 00:00:00','Mertesacker','p',1,'Per');
INSERT INTO NUTZER (ID, EMAIL, PICTURE_ID, AKTUALISIERT, ERZEUGT, NACHNAME, PASSWORD, VERSION, VORNAME) VALUES ('50','s.mustafi@test.de','999999999','01.08.2007 00:00:00','01.08.2007 00:00:00','Mustafi','p',1,'Shkdoran');
INSERT INTO NUTZER (ID, EMAIL, PICTURE_ID, AKTUALISIERT, ERZEUGT, NACHNAME, PASSWORD, VERSION, VORNAME) VALUES ('51','n.okoronkwo@test.de','999999999','01.08.2007 00:00:00','01.08.2007 00:00:00','Okoronkwo','p',1,'Nbasi');
INSERT INTO NUTZER (ID, EMAIL, PICTURE_ID, AKTUALISIERT, ERZEUGT, NACHNAME, PASSWORD, VERSION, VORNAME) VALUES ('52','jj.okocha@test.de','999999999','01.08.2007 00:00:00','01.08.2007 00:00:00','Okocha','p',1,'Jay-Jay');
INSERT INTO NUTZER (ID, EMAIL, PICTURE_ID, AKTUALISIERT, ERZEUGT, NACHNAME, PASSWORD, VERSION, VORNAME) VALUES ('53','g.mueller@test.de','999999999','01.08.2007 00:00:00','01.08.2007 00:00:00','Mueller','p',1,'Gerd');
INSERT INTO NUTZER (ID, EMAIL, PICTURE_ID, AKTUALISIERT, ERZEUGT, NACHNAME, PASSWORD, VERSION, VORNAME) VALUES ('54','l.mathaeus@test.de','999999999','01.08.2007 00:00:00','01.08.2007 00:00:00','Mathaeus','p',1,'Lothar');
INSERT INTO NUTZER (ID, EMAIL, PICTURE_ID, AKTUALISIERT, ERZEUGT, NACHNAME, PASSWORD, VERSION, VORNAME) VALUES ('55','d.marquardt@test.de','999999999','01.08.2007 00:00:00','01.08.2007 00:00:00','Marquardt','p',1,'Dieter');
INSERT INTO NUTZER (ID, EMAIL, PICTURE_ID, AKTUALISIERT, ERZEUGT, NACHNAME, PASSWORD, VERSION, VORNAME) VALUES ('56','w.Obst@test.de','999999999','01.08.2007 00:00:00','01.08.2007 00:00:00','Obst','p',1,'Willi');
INSERT INTO NUTZER (ID, EMAIL, PICTURE_ID, AKTUALISIERT, ERZEUGT, NACHNAME, PASSWORD, VERSION, VORNAME) VALUES ('57','d.otto@test.de','999999999','01.08.2007 00:00:00','01.08.2007 00:00:00','Otto','p',1,'Denis');
INSERT INTO NUTZER (ID, EMAIL, PICTURE_ID, AKTUALISIERT, ERZEUGT, NACHNAME, PASSWORD, VERSION, VORNAME) VALUES ('58','j.ottl@test.de','999999999','01.08.2007 00:00:00','01.08.2007 00:00:00','Ottl','p',1,'Julian');
INSERT INTO NUTZER (ID, EMAIL, PICTURE_ID, AKTUALISIERT, ERZEUGT, NACHNAME, PASSWORD, VERSION, VORNAME) VALUES ('59','j.mendez@test.de','999999999','01.08.2007 00:00:00','01.08.2007 00:00:00','Mendez','p',1,'Juan');
INSERT INTO NUTZER (ID, EMAIL, PICTURE_ID, AKTUALISIERT, ERZEUGT, NACHNAME, PASSWORD, VERSION, VORNAME) VALUES ('60','k.maxi@test.de','999999999','01.08.2007 00:00:00','01.08.2007 00:00:00','Maxi','p',1,'Kosi');
INSERT INTO NUTZER (ID, EMAIL, PICTURE_ID, AKTUALISIERT, ERZEUGT, NACHNAME, PASSWORD, VERSION, VORNAME) VALUES ('61','socher@test.de','999999999','01.08.2007 00:00:00','01.08.2007 00:00:00','Socher','p',1,'Thomas');
INSERT INTO NUTZER (ID, EMAIL, PICTURE_ID, AKTUALISIERT, ERZEUGT, NACHNAME, PASSWORD, VERSION, VORNAME) VALUES ('62','schaefer@test.de','999999999','01.08.2007 00:00:00','01.08.2007 00:00:00','Schaefer','p',1,'Udo');
INSERT INTO NUTZER (ID, EMAIL, PICTURE_ID, AKTUALISIERT, ERZEUGT, NACHNAME, PASSWORD, VERSION, VORNAME) VALUES ('63','schroeder@test.de','999999999','01.08.2007 00:00:00','01.08.2007 00:00:00','Schroeder','p',1,'Robin');
INSERT INTO NUTZER (ID, EMAIL, PICTURE_ID, AKTUALISIERT, ERZEUGT, NACHNAME, PASSWORD, VERSION, VORNAME) VALUES ('64','tilman@test.de','999999999','01.08.2007 00:00:00','01.08.2007 00:00:00','Tilman','p',1,'Tanja');
INSERT INTO NUTZER (ID, EMAIL, PICTURE_ID, AKTUALISIERT, ERZEUGT, NACHNAME, PASSWORD, VERSION, VORNAME) VALUES ('65','thomann@test.de','999999999','01.08.2007 00:00:00','01.08.2007 00:00:00','Thomann','p',1,'Udo');
INSERT INTO NUTZER (ID, EMAIL, PICTURE_ID, AKTUALISIERT, ERZEUGT, NACHNAME, PASSWORD, VERSION, VORNAME) VALUES ('66','tanner@test.de','999999999','01.08.2007 00:00:00','01.08.2007 00:00:00','Tanner','p',1,'Robin');
INSERT INTO NUTZER (ID, EMAIL, PICTURE_ID, AKTUALISIERT, ERZEUGT, NACHNAME, PASSWORD, VERSION, VORNAME) VALUES ('67','trostmann@test.de','999999999','01.08.2007 00:00:00','01.08.2007 00:00:00','Trostmann','p',1,'Juergen');
INSERT INTO NUTZER (ID, EMAIL, PICTURE_ID, AKTUALISIERT, ERZEUGT, NACHNAME, PASSWORD, VERSION, VORNAME) VALUES ('68','topf@test.de','999999999','01.08.2007 00:00:00','01.08.2007 00:00:00','Topf','p',1,'Udo');
INSERT INTO NUTZER (ID, EMAIL, PICTURE_ID, AKTUALISIERT, ERZEUGT, NACHNAME, PASSWORD, VERSION, VORNAME) VALUES ('69','triebel@test.de','999999999','01.08.2007 00:00:00','01.08.2007 00:00:00','Triebel','p',1,'Robin');
INSERT INTO NUTZER (ID, EMAIL, PICTURE_ID, AKTUALISIERT, ERZEUGT, NACHNAME, PASSWORD, VERSION, VORNAME) VALUES ('70','tawil@test.de','999999999','01.08.2007 00:00:00','01.08.2007 00:00:00','Tawil','p',1,'Adel');
INSERT INTO NUTZER (ID, EMAIL, PICTURE_ID, AKTUALISIERT, ERZEUGT, NACHNAME, PASSWORD, VERSION, VORNAME) VALUES ('71','fauli@test.de','999999999','01.08.2007 00:00:00','01.08.2007 00:00:00','Fauli','p',1,'Fabse');
INSERT INTO NUTZER (ID, EMAIL, PICTURE_ID, AKTUALISIERT, ERZEUGT, NACHNAME, PASSWORD, VERSION, VORNAME) VALUES ('72','grosskopf@test.de','999999999','01.08.2007 00:00:00','01.08.2007 00:00:00','Grosskopf','p',1,'Linda');
INSERT INTO NUTZER (ID, EMAIL, PICTURE_ID, AKTUALISIERT, ERZEUGT, NACHNAME, PASSWORD, VERSION, VORNAME) VALUES ('73','general@test.de','999999999','01.08.2007 00:00:00','01.08.2007 00:00:00','General','p',1,'Nautilus');
INSERT INTO NUTZER (ID, EMAIL, PICTURE_ID, AKTUALISIERT, ERZEUGT, NACHNAME, PASSWORD, VERSION, VORNAME) VALUES ('74','harten@test.de','999999999','01.08.2007 00:00:00','01.08.2007 00:00:00','Harten','p',1,'Christian');
INSERT INTO NUTZER (ID, EMAIL, PICTURE_ID, AKTUALISIERT, ERZEUGT, NACHNAME, PASSWORD, VERSION, VORNAME) VALUES ('75','heber@test.de','999999999','01.08.2007 00:00:00','01.08.2007 00:00:00','Heber','p',1,'Aron');
INSERT INTO NUTZER (ID, EMAIL, PICTURE_ID, AKTUALISIERT, ERZEUGT, NACHNAME, PASSWORD, VERSION, VORNAME) VALUES ('76','hipster@test.de','999999999','01.08.2007 00:00:00','01.08.2007 00:00:00','Hipster','p',1,'Heino');
INSERT INTO NUTZER (ID, EMAIL, PICTURE_ID, AKTUALISIERT, ERZEUGT, NACHNAME, PASSWORD, VERSION, VORNAME) VALUES ('77','hauser@test.de','999999999','01.08.2007 00:00:00','01.08.2007 00:00:00','Hauser','p',1,'Irene');
INSERT INTO NUTZER (ID, EMAIL, PICTURE_ID, AKTUALISIERT, ERZEUGT, NACHNAME, PASSWORD, VERSION, VORNAME) VALUES ('78','abu@test.de','999999999','01.08.2007 00:00:00','01.08.2007 00:00:00','Abu','p',1,'Richard');
INSERT INTO NUTZER (ID, EMAIL, PICTURE_ID, AKTUALISIERT, ERZEUGT, NACHNAME, PASSWORD, VERSION, VORNAME) VALUES ('79','anger@test.de','999999999','01.08.2007 00:00:00','01.08.2007 00:00:00','Anger','p',1,'Valentin');
INSERT INTO NUTZER (ID, EMAIL, PICTURE_ID, AKTUALISIERT, ERZEUGT, NACHNAME, PASSWORD, VERSION, VORNAME) VALUES ('80','austung@test.de','999999999','01.08.2007 00:00:00','01.08.2007 00:00:00','Austung','p',1,'Jeremy');

-- Adresse

-- Attribute
-- id aktualisiert erzeugt hausnr ort plz strasse nutzer_fk
-- WICHTIG: Adresse muss in Deutschland gültig sein, eindeutig für GoogleMaps-API
INSERT INTO ADRESSE (ID, AKTUALISIERT, ERZEUGT, HAUSNR, ORT, PLZ, STRASSE, NUTZER_FK) VALUES ('101','01.08.2007 00:00:00','01.08.2007 00:00:00','4','Busenbach','76337','Carl-Benz-Str.','1');      
INSERT INTO ADRESSE (ID, AKTUALISIERT, ERZEUGT, HAUSNR, ORT, PLZ, STRASSE, NUTZER_FK) VALUES ('102','01.08.2007 00:00:00','01.08.2007 00:00:00','36','Karlsruhe','76133','Durlacher Allee', '2');
INSERT INTO ADRESSE (ID, AKTUALISIERT, ERZEUGT, HAUSNR, ORT, PLZ, STRASSE, NUTZER_FK) VALUES ('103','01.08.2007 00:00:00','01.08.2007 00:00:00','8','Leimersheim','76774','Im Niederhorst','3');
INSERT INTO ADRESSE (ID, AKTUALISIERT, ERZEUGT, HAUSNR, ORT, PLZ, STRASSE, NUTZER_FK) VALUES ('104','01.08.2007 00:00:00','01.08.2007 00:00:00','11','Malsch','76316','Dieter-Suess-Strasse','4');
INSERT INTO ADRESSE (ID, AKTUALISIERT, ERZEUGT, HAUSNR, ORT, PLZ, STRASSE, NUTZER_FK) VALUES ('105','01.08.2007 00:00:00','01.08.2007 00:00:00','30','Karlsruhe','76133','Moltkestrasse','5');
INSERT INTO ADRESSE (ID, AKTUALISIERT, ERZEUGT, HAUSNR, ORT, PLZ, STRASSE, NUTZER_FK) VALUES ('106','01.08.2007 00:00:00','01.08.2007 00:00:00','21','Tuebingen','72072','Friedrichstrasse','6');
INSERT INTO ADRESSE (ID, AKTUALISIERT, ERZEUGT, HAUSNR, ORT, PLZ, STRASSE, NUTZER_FK) VALUES ('107','01.08.2007 00:00:00','01.08.2007 00:00:00','51','Berlin','10117','Wilhelmstrasse','7');
INSERT INTO ADRESSE (ID, AKTUALISIERT, ERZEUGT, HAUSNR, ORT, PLZ, STRASSE, NUTZER_FK) VALUES ('108','01.08.2007 00:00:00','01.08.2007 00:00:00','25','Muenchen','80995','Lassallestrasse','8');
INSERT INTO ADRESSE (ID, AKTUALISIERT, ERZEUGT, HAUSNR, ORT, PLZ, STRASSE, NUTZER_FK) VALUES ('109','01.08.2007 00:00:00','01.08.2007 00:00:00','1','Hamburg','20354','Dammtorwall','9');
INSERT INTO ADRESSE (ID, AKTUALISIERT, ERZEUGT, HAUSNR, ORT, PLZ, STRASSE, NUTZER_FK) VALUES ('110','01.08.2007 00:00:00','01.08.2007 00:00:00','77','Essen','45141','Arendahls Wiese','10');
INSERT INTO ADRESSE (ID, AKTUALISIERT, ERZEUGT, HAUSNR, ORT, PLZ, STRASSE, NUTZER_FK) VALUES ('111','01.08.2007 00:00:00','01.08.2007 00:00:00','21','Tuebingen','72072','Friedrichstrasse','11');
INSERT INTO ADRESSE (ID, AKTUALISIERT, ERZEUGT, HAUSNR, ORT, PLZ, STRASSE, NUTZER_FK) VALUES ('112','01.08.2007 00:00:00','01.08.2007 00:00:00','51','Berlin','10117','Wilhelmstrasse','12');
INSERT INTO ADRESSE (ID, AKTUALISIERT, ERZEUGT, HAUSNR, ORT, PLZ, STRASSE, NUTZER_FK) VALUES ('113','01.08.2007 00:00:00','01.08.2007 00:00:00','25','Muenchen','80995','Lassallestrasse','13');
INSERT INTO ADRESSE (ID, AKTUALISIERT, ERZEUGT, HAUSNR, ORT, PLZ, STRASSE, NUTZER_FK) VALUES ('114','01.08.2007 00:00:00','01.08.2007 00:00:00','1','Hamburg','20354','Dammtorwall','14');
INSERT INTO ADRESSE (ID, AKTUALISIERT, ERZEUGT, HAUSNR, ORT, PLZ, STRASSE, NUTZER_FK) VALUES ('115','01.08.2007 00:00:00','01.08.2007 00:00:00','77','Essen','45141','Arendahls Wiese','15');
INSERT INTO ADRESSE (ID, AKTUALISIERT, ERZEUGT, HAUSNR, ORT, PLZ, STRASSE, NUTZER_FK) VALUES ('116','01.08.2007 00:00:00','01.08.2007 00:00:00','21','Tuebingen','72072','Friedrichstrasse','16');
INSERT INTO ADRESSE (ID, AKTUALISIERT, ERZEUGT, HAUSNR, ORT, PLZ, STRASSE, NUTZER_FK) VALUES ('117','01.08.2007 00:00:00','01.08.2007 00:00:00','51','Berlin','10117','Wilhelmstrasse','17');
INSERT INTO ADRESSE (ID, AKTUALISIERT, ERZEUGT, HAUSNR, ORT, PLZ, STRASSE, NUTZER_FK) VALUES ('118','01.08.2007 00:00:00','01.08.2007 00:00:00','25','Muenchen','80995','Lassallestrasse','18');
INSERT INTO ADRESSE (ID, AKTUALISIERT, ERZEUGT, HAUSNR, ORT, PLZ, STRASSE, NUTZER_FK) VALUES ('119','01.08.2007 00:00:00','01.08.2007 00:00:00','1','Hamburg','20354','Dammtorwall','19');
INSERT INTO ADRESSE (ID, AKTUALISIERT, ERZEUGT, HAUSNR, ORT, PLZ, STRASSE, NUTZER_FK) VALUES ('120','01.08.2007 00:00:00','01.08.2007 00:00:00','77','Essen','45141','Arendahls Wiese','20');
INSERT INTO ADRESSE (ID, AKTUALISIERT, ERZEUGT, HAUSNR, ORT, PLZ, STRASSE, NUTZER_FK) VALUES ('121','01.08.2007 00:00:00','01.08.2007 00:00:00','13','Karlsruhe','76131','Markgrafenstrasse','21');
INSERT INTO ADRESSE (ID, AKTUALISIERT, ERZEUGT, HAUSNR, ORT, PLZ, STRASSE, NUTZER_FK) VALUES ('122','01.08.2007 00:00:00','01.08.2007 00:00:00','1','Spessart','76275','Tannenfeldring','22');
INSERT INTO ADRESSE (ID, AKTUALISIERT, ERZEUGT, HAUSNR, ORT, PLZ, STRASSE, NUTZER_FK) VALUES ('123','01.08.2007 00:00:00','01.08.2007 00:00:00','22','Ettlingen','76275','Zehntwiesenstrasse','23');
INSERT INTO ADRESSE (ID, AKTUALISIERT, ERZEUGT, HAUSNR, ORT, PLZ, STRASSE, NUTZER_FK) VALUES ('124','01.08.2007 00:00:00','01.08.2007 00:00:00','45','Karlsruhe','76137','Jollystrasse','24');
INSERT INTO ADRESSE (ID, AKTUALISIERT, ERZEUGT, HAUSNR, ORT, PLZ, STRASSE, NUTZER_FK) VALUES ('125','01.08.2007 00:00:00','01.08.2007 00:00:00','7','Karlsruhe','76149','Alte Kreisstrasse','25');
INSERT INTO ADRESSE (ID, AKTUALISIERT, ERZEUGT, HAUSNR, ORT, PLZ, STRASSE, NUTZER_FK) VALUES ('126','01.08.2007 00:00:00','01.08.2007 00:00:00','13','Karlsruhe','76131','Markgrafenstrasse','26');
INSERT INTO ADRESSE (ID, AKTUALISIERT, ERZEUGT, HAUSNR, ORT, PLZ, STRASSE, NUTZER_FK) VALUES ('127','01.08.2007 00:00:00','01.08.2007 00:00:00','13','Karlsruhe','76131','Markgrafenstrasse','27');
INSERT INTO ADRESSE (ID, AKTUALISIERT, ERZEUGT, HAUSNR, ORT, PLZ, STRASSE, NUTZER_FK) VALUES ('128','01.08.2007 00:00:00','01.08.2007 00:00:00','13','Karlsruhe','76131','Markgrafenstrasse','28');
INSERT INTO ADRESSE (ID, AKTUALISIERT, ERZEUGT, HAUSNR, ORT, PLZ, STRASSE, NUTZER_FK) VALUES ('129','01.08.2007 00:00:00','01.08.2007 00:00:00','13','Karlsruhe','76131','Markgrafenstrasse','29');
INSERT INTO ADRESSE (ID, AKTUALISIERT, ERZEUGT, HAUSNR, ORT, PLZ, STRASSE, NUTZER_FK) VALUES ('130','01.08.2007 00:00:00','01.08.2007 00:00:00','1','Spessart','76275','Tannenfeldring','30');
INSERT INTO ADRESSE (ID, AKTUALISIERT, ERZEUGT, HAUSNR, ORT, PLZ, STRASSE, NUTZER_FK) VALUES ('131','01.08.2007 00:00:00','01.08.2007 00:00:00','1','Spessart','76275','Tannenfeldring','31');
INSERT INTO ADRESSE (ID, AKTUALISIERT, ERZEUGT, HAUSNR, ORT, PLZ, STRASSE, NUTZER_FK) VALUES ('132','01.08.2007 00:00:00','01.08.2007 00:00:00','1','Spessart','76275','Tannenfeldring','32');
INSERT INTO ADRESSE (ID, AKTUALISIERT, ERZEUGT, HAUSNR, ORT, PLZ, STRASSE, NUTZER_FK) VALUES ('133','01.08.2007 00:00:00','01.08.2007 00:00:00','1','Spessart','76275','Tannenfeldring','33');
INSERT INTO ADRESSE (ID, AKTUALISIERT, ERZEUGT, HAUSNR, ORT, PLZ, STRASSE, NUTZER_FK) VALUES ('134','01.08.2007 00:00:00','01.08.2007 00:00:00','22','Ettlingen','76275','Zehntwiesenstrasse','34');
INSERT INTO ADRESSE (ID, AKTUALISIERT, ERZEUGT, HAUSNR, ORT, PLZ, STRASSE, NUTZER_FK) VALUES ('135','01.08.2007 00:00:00','01.08.2007 00:00:00','22','Ettlingen','76275','Zehntwiesenstrasse','35');
INSERT INTO ADRESSE (ID, AKTUALISIERT, ERZEUGT, HAUSNR, ORT, PLZ, STRASSE, NUTZER_FK) VALUES ('136','01.08.2007 00:00:00','01.08.2007 00:00:00','4','Busenbach','76337','Carl-Benz-Str.','36');
INSERT INTO ADRESSE (ID, AKTUALISIERT, ERZEUGT, HAUSNR, ORT, PLZ, STRASSE, NUTZER_FK) VALUES ('137','01.08.2007 00:00:00','01.08.2007 00:00:00','36','Karlsruhe','76133','Durlacher Allee', '37');
INSERT INTO ADRESSE (ID, AKTUALISIERT, ERZEUGT, HAUSNR, ORT, PLZ, STRASSE, NUTZER_FK) VALUES ('138','01.08.2007 00:00:00','01.08.2007 00:00:00','4','Pfalzdorf','12345','Pfaelzer-Weinschorle-Strasse','38');
INSERT INTO ADRESSE (ID, AKTUALISIERT, ERZEUGT, HAUSNR, ORT, PLZ, STRASSE, NUTZER_FK) VALUES ('139','01.08.2007 00:00:00','01.08.2007 00:00:00','4','Malsch','34569','Suff-Strasse','39');
INSERT INTO ADRESSE (ID, AKTUALISIERT, ERZEUGT, HAUSNR, ORT, PLZ, STRASSE, NUTZER_FK) VALUES ('140','01.08.2007 00:00:00','01.08.2007 00:00:00','4','Malsch','34569','Sauefer-Allee','40');
INSERT INTO ADRESSE (ID, AKTUALISIERT, ERZEUGT, HAUSNR, ORT, PLZ, STRASSE, NUTZER_FK) VALUES ('141','01.08.2007 00:00:00','01.08.2007 00:00:00','8','Durmersheim','76448','Im Grund','41');
INSERT INTO ADRESSE (ID, AKTUALISIERT, ERZEUGT, HAUSNR, ORT, PLZ, STRASSE, NUTZER_FK) VALUES ('142','01.08.2007 00:00:00','01.08.2007 00:00:00','99','Karlsruhe','76131','Kaisersalle','42');
INSERT INTO ADRESSE (ID, AKTUALISIERT, ERZEUGT, HAUSNR, ORT, PLZ, STRASSE, NUTZER_FK) VALUES ('143','01.08.2007 00:00:00','01.08.2007 00:00:00','1','Berlin','12161','Walther-Schreiber-Platz','43');
INSERT INTO ADRESSE (ID, AKTUALISIERT, ERZEUGT, HAUSNR, ORT, PLZ, STRASSE, NUTZER_FK) VALUES ('144','01.08.2007 00:00:00','01.08.2007 00:00:00','13','Karlsruhe','76135','Windeckstrasse','44');
INSERT INTO ADRESSE (ID, AKTUALISIERT, ERZEUGT, HAUSNR, ORT, PLZ, STRASSE, NUTZER_FK) VALUES ('145','01.08.2007 00:00:00','01.08.2007 00:00:00','9','Karlsruhe','76131','Gerwigstrasse','45');
INSERT INTO ADRESSE (ID, AKTUALISIERT, ERZEUGT, HAUSNR, ORT, PLZ, STRASSE, NUTZER_FK) VALUES ('146','01.08.2007 00:00:00','01.08.2007 00:00:00','16','Karlsrue','76189','Rheinhafenstrasse','46');
INSERT INTO ADRESSE (ID, AKTUALISIERT, ERZEUGT, HAUSNR, ORT, PLZ, STRASSE, NUTZER_FK) VALUES ('147','01.08.2007 00:00:00','01.08.2007 00:00:00','8','Durmersheim','76448','Im Grund','47');
INSERT INTO ADRESSE (ID, AKTUALISIERT, ERZEUGT, HAUSNR, ORT, PLZ, STRASSE, NUTZER_FK) VALUES ('148','01.08.2007 00:00:00','01.08.2007 00:00:00','99','Karlsruhe','76131','Kaisersalle','48');
INSERT INTO ADRESSE (ID, AKTUALISIERT, ERZEUGT, HAUSNR, ORT, PLZ, STRASSE, NUTZER_FK) VALUES ('149','01.08.2007 00:00:00','01.08.2007 00:00:00','1','Berlin','12161','Walther-Schreiber-Platz','49');
INSERT INTO ADRESSE (ID, AKTUALISIERT, ERZEUGT, HAUSNR, ORT, PLZ, STRASSE, NUTZER_FK) VALUES ('150','01.08.2007 00:00:00','01.08.2007 00:00:00','13','Karlsruhe','76135','Windeckstrasse','50');
INSERT INTO ADRESSE (ID, AKTUALISIERT, ERZEUGT, HAUSNR, ORT, PLZ, STRASSE, NUTZER_FK) VALUES ('151','01.08.2007 00:00:00','01.08.2007 00:00:00','9','Karlsruhe','76131','Gerwigstrasse','51');
INSERT INTO ADRESSE (ID, AKTUALISIERT, ERZEUGT, HAUSNR, ORT, PLZ, STRASSE, NUTZER_FK) VALUES ('152','01.08.2007 00:00:00','01.08.2007 00:00:00','16','Karlsrue','76189','Rheinhafenstrasse','52');
INSERT INTO ADRESSE (ID, AKTUALISIERT, ERZEUGT, HAUSNR, ORT, PLZ, STRASSE, NUTZER_FK) VALUES ('153','01.08.2007 00:00:00','01.08.2007 00:00:00','8','Durmersheim','76448','Im Grund','53');
INSERT INTO ADRESSE (ID, AKTUALISIERT, ERZEUGT, HAUSNR, ORT, PLZ, STRASSE, NUTZER_FK) VALUES ('154','01.08.2007 00:00:00','01.08.2007 00:00:00','99','Karlsruhe','76131','Kaisersalle','54');
INSERT INTO ADRESSE (ID, AKTUALISIERT, ERZEUGT, HAUSNR, ORT, PLZ, STRASSE, NUTZER_FK) VALUES ('155','01.08.2007 00:00:00','01.08.2007 00:00:00','1','Berlin','12161','Walther-Schreiber-Platz','55');
INSERT INTO ADRESSE (ID, AKTUALISIERT, ERZEUGT, HAUSNR, ORT, PLZ, STRASSE, NUTZER_FK) VALUES ('156','01.08.2007 00:00:00','01.08.2007 00:00:00','13','Karlsruhe','76135','Windeckstrasse','56');
INSERT INTO ADRESSE (ID, AKTUALISIERT, ERZEUGT, HAUSNR, ORT, PLZ, STRASSE, NUTZER_FK) VALUES ('157','01.08.2007 00:00:00','01.08.2007 00:00:00','9','Karlsruhe','76131','Gerwigstrasse','57');
INSERT INTO ADRESSE (ID, AKTUALISIERT, ERZEUGT, HAUSNR, ORT, PLZ, STRASSE, NUTZER_FK) VALUES ('158','01.08.2007 00:00:00','01.08.2007 00:00:00','16','Karlsrue','76189','Rheinhafenstrasse','58');
INSERT INTO ADRESSE (ID, AKTUALISIERT, ERZEUGT, HAUSNR, ORT, PLZ, STRASSE, NUTZER_FK) VALUES ('159','01.08.2007 00:00:00','01.08.2007 00:00:00','8','Durmersheim','76448','Im Grund','59');
INSERT INTO ADRESSE (ID, AKTUALISIERT, ERZEUGT, HAUSNR, ORT, PLZ, STRASSE, NUTZER_FK) VALUES ('160','01.08.2007 00:00:00','01.08.2007 00:00:00','99','Karlsruhe','76131','Kaisersalle','60');
INSERT INTO ADRESSE (ID, AKTUALISIERT, ERZEUGT, HAUSNR, ORT, PLZ, STRASSE, NUTZER_FK) VALUES ('161','01.08.2007 00:00:00','01.08.2007 00:00:00','21','Tuebingen','72072','Friedrichstrasse','61');
INSERT INTO ADRESSE (ID, AKTUALISIERT, ERZEUGT, HAUSNR, ORT, PLZ, STRASSE, NUTZER_FK) VALUES ('162','01.08.2007 00:00:00','01.08.2007 00:00:00','51','Berlin','10117','Wilhelmstrasse','62');
INSERT INTO ADRESSE (ID, AKTUALISIERT, ERZEUGT, HAUSNR, ORT, PLZ, STRASSE, NUTZER_FK) VALUES ('163','01.08.2007 00:00:00','01.08.2007 00:00:00','25','Muenchen','80995','Lassallestrasse','63');
INSERT INTO ADRESSE (ID, AKTUALISIERT, ERZEUGT, HAUSNR, ORT, PLZ, STRASSE, NUTZER_FK) VALUES ('164','01.08.2007 00:00:00','01.08.2007 00:00:00','1','Hamburg','20354','Dammtorwall','64');
INSERT INTO ADRESSE (ID, AKTUALISIERT, ERZEUGT, HAUSNR, ORT, PLZ, STRASSE, NUTZER_FK) VALUES ('165','01.08.2007 00:00:00','01.08.2007 00:00:00','77','Essen','45141','Arendahls Wiese','65');
INSERT INTO ADRESSE (ID, AKTUALISIERT, ERZEUGT, HAUSNR, ORT, PLZ, STRASSE, NUTZER_FK) VALUES ('166','01.08.2007 00:00:00','01.08.2007 00:00:00','21','Tuebingen','72072','Friedrichstrasse','66');
INSERT INTO ADRESSE (ID, AKTUALISIERT, ERZEUGT, HAUSNR, ORT, PLZ, STRASSE, NUTZER_FK) VALUES ('167','01.08.2007 00:00:00','01.08.2007 00:00:00','51','Berlin','10117','Wilhelmstrasse','67');
INSERT INTO ADRESSE (ID, AKTUALISIERT, ERZEUGT, HAUSNR, ORT, PLZ, STRASSE, NUTZER_FK) VALUES ('168','01.08.2007 00:00:00','01.08.2007 00:00:00','25','Muenchen','80995','Lassallestrasse','68');
INSERT INTO ADRESSE (ID, AKTUALISIERT, ERZEUGT, HAUSNR, ORT, PLZ, STRASSE, NUTZER_FK) VALUES ('169','01.08.2007 00:00:00','01.08.2007 00:00:00','1','Hamburg','20354','Dammtorwall','69');
INSERT INTO ADRESSE (ID, AKTUALISIERT, ERZEUGT, HAUSNR, ORT, PLZ, STRASSE, NUTZER_FK) VALUES ('170','01.08.2007 00:00:00','01.08.2007 00:00:00','1','Hamburg','20354','Dammtorwall','70');
INSERT INTO ADRESSE (ID, AKTUALISIERT, ERZEUGT, HAUSNR, ORT, PLZ, STRASSE, NUTZER_FK) VALUES ('171','01.08.2007 00:00:00','01.08.2007 00:00:00','22','Ettlingen','76275','Zehntwiesenstrasse','71');
INSERT INTO ADRESSE (ID, AKTUALISIERT, ERZEUGT, HAUSNR, ORT, PLZ, STRASSE, NUTZER_FK) VALUES ('172','01.08.2007 00:00:00','01.08.2007 00:00:00','22','Ettlingen','76275','Zehntwiesenstrasse','72');
INSERT INTO ADRESSE (ID, AKTUALISIERT, ERZEUGT, HAUSNR, ORT, PLZ, STRASSE, NUTZER_FK) VALUES ('173','01.08.2007 00:00:00','01.08.2007 00:00:00','22','Ettlingen','76275','Zehntwiesenstrasse','73');
INSERT INTO ADRESSE (ID, AKTUALISIERT, ERZEUGT, HAUSNR, ORT, PLZ, STRASSE, NUTZER_FK) VALUES ('174','01.08.2007 00:00:00','01.08.2007 00:00:00','45','Karlsruhe','76137','Jollystrasse','74');
INSERT INTO ADRESSE (ID, AKTUALISIERT, ERZEUGT, HAUSNR, ORT, PLZ, STRASSE, NUTZER_FK) VALUES ('175','01.08.2007 00:00:00','01.08.2007 00:00:00','45','Karlsruhe','76137','Jollystrasse','75');
INSERT INTO ADRESSE (ID, AKTUALISIERT, ERZEUGT, HAUSNR, ORT, PLZ, STRASSE, NUTZER_FK) VALUES ('176','01.08.2007 00:00:00','01.08.2007 00:00:00','45','Karlsruhe','76137','Jollystrasse','76');
INSERT INTO ADRESSE (ID, AKTUALISIERT, ERZEUGT, HAUSNR, ORT, PLZ, STRASSE, NUTZER_FK) VALUES ('177','01.08.2007 00:00:00','01.08.2007 00:00:00','45','Karlsruhe','76137','Jollystrasse','77');
INSERT INTO ADRESSE (ID, AKTUALISIERT, ERZEUGT, HAUSNR, ORT, PLZ, STRASSE, NUTZER_FK) VALUES ('178','01.08.2007 00:00:00','01.08.2007 00:00:00','7','Karlsruhe','76149','Alte Kreisstrasse','78');
INSERT INTO ADRESSE (ID, AKTUALISIERT, ERZEUGT, HAUSNR, ORT, PLZ, STRASSE, NUTZER_FK) VALUES ('179','01.08.2007 00:00:00','01.08.2007 00:00:00','7','Karlsruhe','76149','Alte Kreisstrasse','79');
INSERT INTO ADRESSE (ID, AKTUALISIERT, ERZEUGT, HAUSNR, ORT, PLZ, STRASSE, NUTZER_FK) VALUES ('180','01.08.2007 00:00:00','01.08.2007 00:00:00','7','Karlsruhe','76149','Alte Kreisstrasse','80');



-- Freundschaft
--  
-- Attribute:
-- id owner_id friend_id
--

--Till
INSERT INTO FREUNDSCHAFT (OWNER_ID, FRIEND_ID) VALUES ('1', '2')
INSERT INTO FREUNDSCHAFT (OWNER_ID, FRIEND_ID) VALUES ('1', '3')
INSERT INTO FREUNDSCHAFT (OWNER_ID, FRIEND_ID) VALUES ('1', '4')
INSERT INTO FREUNDSCHAFT (OWNER_ID, FRIEND_ID) VALUES ('1', '5')

INSERT INTO FREUNDSCHAFT (OWNER_ID, FRIEND_ID) VALUES ('1', '6')
INSERT INTO FREUNDSCHAFT (OWNER_ID, FRIEND_ID) VALUES ('1', '7')
INSERT INTO FREUNDSCHAFT (OWNER_ID, FRIEND_ID) VALUES ('1', '8')
INSERT INTO FREUNDSCHAFT (OWNER_ID, FRIEND_ID) VALUES ('1', '9')
INSERT INTO FREUNDSCHAFT (OWNER_ID, FRIEND_ID) VALUES ('1', '10')
INSERT INTO FREUNDSCHAFT (OWNER_ID, FRIEND_ID) VALUES ('1', '11')
INSERT INTO FREUNDSCHAFT (OWNER_ID, FRIEND_ID) VALUES ('1', '12')
INSERT INTO FREUNDSCHAFT (OWNER_ID, FRIEND_ID) VALUES ('1', '13')
INSERT INTO FREUNDSCHAFT (OWNER_ID, FRIEND_ID) VALUES ('1', '14')
INSERT INTO FREUNDSCHAFT (OWNER_ID, FRIEND_ID) VALUES ('1', '15')
INSERT INTO FREUNDSCHAFT (OWNER_ID, FRIEND_ID) VALUES ('1', '16')
INSERT INTO FREUNDSCHAFT (OWNER_ID, FRIEND_ID) VALUES ('1', '17')
INSERT INTO FREUNDSCHAFT (OWNER_ID, FRIEND_ID) VALUES ('1', '18')
INSERT INTO FREUNDSCHAFT (OWNER_ID, FRIEND_ID) VALUES ('1', '19')
INSERT INTO FREUNDSCHAFT (OWNER_ID, FRIEND_ID) VALUES ('1', '20')

--Michi
INSERT INTO FREUNDSCHAFT (OWNER_ID, FRIEND_ID) VALUES ('2', '3')
INSERT INTO FREUNDSCHAFT (OWNER_ID, FRIEND_ID) VALUES ('2', '4')
INSERT INTO FREUNDSCHAFT (OWNER_ID, FRIEND_ID) VALUES ('2', '5')

INSERT INTO FREUNDSCHAFT (OWNER_ID, FRIEND_ID) VALUES ('2', '7')
INSERT INTO FREUNDSCHAFT (OWNER_ID, FRIEND_ID) VALUES ('2', '17')
INSERT INTO FREUNDSCHAFT (OWNER_ID, FRIEND_ID) VALUES ('2', '27')
INSERT INTO FREUNDSCHAFT (OWNER_ID, FRIEND_ID) VALUES ('2', '37')
INSERT INTO FREUNDSCHAFT (OWNER_ID, FRIEND_ID) VALUES ('2', '47')
INSERT INTO FREUNDSCHAFT (OWNER_ID, FRIEND_ID) VALUES ('2', '57')
INSERT INTO FREUNDSCHAFT (OWNER_ID, FRIEND_ID) VALUES ('2', '67')

--Günni
INSERT INTO FREUNDSCHAFT (OWNER_ID, FRIEND_ID) VALUES ('3', '4')
INSERT INTO FREUNDSCHAFT (OWNER_ID, FRIEND_ID) VALUES ('3', '5')

INSERT INTO FREUNDSCHAFT (OWNER_ID, FRIEND_ID) VALUES ('3', '8')
INSERT INTO FREUNDSCHAFT (OWNER_ID, FRIEND_ID) VALUES ('3', '18')
INSERT INTO FREUNDSCHAFT (OWNER_ID, FRIEND_ID) VALUES ('3', '28')
INSERT INTO FREUNDSCHAFT (OWNER_ID, FRIEND_ID) VALUES ('3', '38')
INSERT INTO FREUNDSCHAFT (OWNER_ID, FRIEND_ID) VALUES ('3', '48')
INSERT INTO FREUNDSCHAFT (OWNER_ID, FRIEND_ID) VALUES ('3', '58')
INSERT INTO FREUNDSCHAFT (OWNER_ID, FRIEND_ID) VALUES ('3', '68')
INSERT INTO FREUNDSCHAFT (OWNER_ID, FRIEND_ID) VALUES ('3', '78')

--Richter
INSERT INTO FREUNDSCHAFT (OWNER_ID, FRIEND_ID) VALUES ('4', '5')

INSERT INTO FREUNDSCHAFT (OWNER_ID, FRIEND_ID) VALUES ('4', '9')
INSERT INTO FREUNDSCHAFT (OWNER_ID, FRIEND_ID) VALUES ('4', '19')
INSERT INTO FREUNDSCHAFT (OWNER_ID, FRIEND_ID) VALUES ('4', '29')
INSERT INTO FREUNDSCHAFT (OWNER_ID, FRIEND_ID) VALUES ('4', '39')
INSERT INTO FREUNDSCHAFT (OWNER_ID, FRIEND_ID) VALUES ('4', '49')
INSERT INTO FREUNDSCHAFT (OWNER_ID, FRIEND_ID) VALUES ('4', '59')
INSERT INTO FREUNDSCHAFT (OWNER_ID, FRIEND_ID) VALUES ('4', '69')
INSERT INTO FREUNDSCHAFT (OWNER_ID, FRIEND_ID) VALUES ('4', '79')
INSERT INTO FREUNDSCHAFT (OWNER_ID, FRIEND_ID) VALUES ('4', '80')

--Seifert
INSERT INTO FREUNDSCHAFT (OWNER_ID, FRIEND_ID) VALUES ('5', '11')
INSERT INTO FREUNDSCHAFT (OWNER_ID, FRIEND_ID) VALUES ('5', '21')
INSERT INTO FREUNDSCHAFT (OWNER_ID, FRIEND_ID) VALUES ('5', '31')
INSERT INTO FREUNDSCHAFT (OWNER_ID, FRIEND_ID) VALUES ('5', '41')
INSERT INTO FREUNDSCHAFT (OWNER_ID, FRIEND_ID) VALUES ('5', '51')
INSERT INTO FREUNDSCHAFT (OWNER_ID, FRIEND_ID) VALUES ('5', '61')
INSERT INTO FREUNDSCHAFT (OWNER_ID, FRIEND_ID) VALUES ('5', '71')
INSERT INTO FREUNDSCHAFT (OWNER_ID, FRIEND_ID) VALUES ('5', '35')
INSERT INTO FREUNDSCHAFT (OWNER_ID, FRIEND_ID) VALUES ('5', '45')
INSERT INTO FREUNDSCHAFT (OWNER_ID, FRIEND_ID) VALUES ('5', '55')



-- PARTY
--
-- Attribute:
--  id beschreibung datum titel uhrzeit adresse_fk veranstalter_fk
--
-- Testfälle für offene(=zukünftige) und geschlossen(=Datum in der Vergangenheit) Parties
-- 
-- Veranstalter-ID=1
-- +++ zukünftig +++--
INSERT INTO PARTY(ID, BESCHREIBUNG, DATUM, TITEL, UHRZEIT, VERANSTALTER, LATITUDE, LONGITUDE) VALUES('200','Motto Party zu Halloween. Bitte alle verkleidet kommen!','30.10.2015 08:00:00','Halloween-Party','20:00','1','49.015666','8.389606');
INSERT INTO PARTY(ID, BESCHREIBUNG, DATUM, TITEL, UHRZEIT, VERANSTALTER, LATITUDE, LONGITUDE) VALUES('201','Die Klausuren sind vorbei und das muss richtig begossen werden. Bringt gute Laune und Durst mit!','21.02.2015 08:00:00','Klausuren vorbei Feierei','21:00','1','49.015666','8.389606');

-- +++ abgeschlossen +++
INSERT INTO PARTY(ID, BESCHREIBUNG, DATUM, TITEL, UHRZEIT, VERANSTALTER, LATITUDE, LONGITUDE) VALUES('202','Unter dem Motto wer hat die dicksten ... veranstalten wir zu Ostern eine Oster-Eierrallye in unserer WG!','17.04.2014 08:00:00','Ostern-Eierralley','18:00','1','49.015666','8.389606');
INSERT INTO PARTY(ID, BESCHREIBUNG, DATUM, TITEL, UHRZEIT, VERANSTALTER, LATITUDE, LONGITUDE) VALUES('203','Zu meinem 24ten Geburtstag veranstalte ich eine kleine Feier. Bringt gute Laune mit.','20.08.2014 08:00:00','Geburtstagsfetz','21:00','1','49.015666','8.389606');
INSERT INTO PARTY(ID, BESCHREIBUNG, DATUM, TITEL, UHRZEIT, VERANSTALTER, LATITUDE, LONGITUDE) VALUES('204','A little party never killed nobody: In diesem Sinne veranstaltet meine WG eine kleine Feier.','15.07.2014 08:00:00','A little party never killed nobody','22:00','1','49.015666','8.389606');

-- Veranstalter-ID=2
-- +++ zukünftig +++ ---
INSERT INTO PARTY(ID, BESCHREIBUNG, DATUM, TITEL, UHRZEIT, VERANSTALTER, LATITUDE, LONGITUDE) VALUES('205','Fuer ein unvergessliches Feiererlebnis, moechte ich in meiner WG unter dem Motto: "Man(n) traegt Bart - Frau Abendkleid, lade ich zu meiner Party.','21.05.2015 08:00:00','Man(n) traegt Bart','20:00','2','49.0078845','8.42174');
INSERT INTO PARTY(ID, BESCHREIBUNG, DATUM, TITEL, UHRZEIT, VERANSTALTER, LATITUDE, LONGITUDE) VALUES('206','Zu meinem Geburtstag veranstalte ich eine WG-Party bei mir in Karlsruhe. Start ist 22:00.','21.05.2015 08:00:00','Geburtstagsparty','22:00','2','49.0078845','8.42174');


-- +++ abgeschlossen +++ ---
INSERT INTO PARTY(ID, BESCHREIBUNG, DATUM, TITEL, UHRZEIT, VERANSTALTER, LATITUDE, LONGITUDE) VALUES('207','Total durchdrehen und Spass dabei. Wer nichts feiert ist selbst Schuld','03.03.2013 08:00:00','Totale Eskalation','20:00','2','49.0078845','8.42174');
INSERT INTO PARTY(ID, BESCHREIBUNG, DATUM, TITEL, UHRZEIT, VERANSTALTER, LATITUDE, LONGITUDE) VALUES('208','Ein Genuss fuer den Gaumen und die Geschmackssinne. Eine Party ohne Alkohol, dafuer leckere selbst gepresste Saefte','12.12.2014 08:00:00','Saftparty','20:00','2','49.0078845','8.42174');
INSERT INTO PARTY(ID, BESCHREIBUNG, DATUM, TITEL, UHRZEIT, VERANSTALTER, LATITUDE, LONGITUDE) VALUES('209','Wer Hut oder Muetze traegt wird sofort rausgeschmissen!','05.08.2014 08:00:00','Oben ohne Party','22:00','2','49.0078845','8.42174');

-- Veranstalter-ID=3
-- +++ zukünftig +++ ---
INSERT INTO PARTY(ID, BESCHREIBUNG, DATUM, TITEL, UHRZEIT, VERANSTALTER, LATITUDE, LONGITUDE) VALUES('210','Kramt in den Kleiderkisten eurer Eltern und zieht die schrecklichsten Klamotten aus den 80ern und 90ern an.','14.04.2015 08:00:00','Bad Taste Party','20:00','3','49.12804','8.34127');
INSERT INTO PARTY(ID, BESCHREIBUNG, DATUM, TITEL, UHRZEIT, VERANSTALTER, LATITUDE, LONGITUDE) VALUES('211','Zu meinem Geburtstag veranstalte ich eine WG-Party bei mir in Karlsruhe. Start ist 22:00.','21.05.2015 08:00:00','Geburtstagsparty','22:00','3','49.12804','8.34127');

-- +++ abgeschlossen +++ ---
INSERT INTO PARTY(ID, BESCHREIBUNG, DATUM, TITEL, UHRZEIT, VERANSTALTER, LATITUDE, LONGITUDE) VALUES('212','Gemuetliches Feiern zu Weihnachten mit Gluehwein, Punsch und Lebkuchen','25.12.2014 08:00:00','Weihnachtsspecial','20:00','3','49.12804','8.34127');
INSERT INTO PARTY(ID, BESCHREIBUNG, DATUM, TITEL, UHRZEIT, VERANSTALTER, LATITUDE, LONGITUDE) VALUES('213','Party feiern im Atzen-Style. Der beste Atze wird mit einem Preis praemiert','10.04.2014 08:00:00','Atzen-Party','21:00','3','49.12804','8.34127');
INSERT INTO PARTY(ID, BESCHREIBUNG, DATUM, TITEL, UHRZEIT, VERANSTALTER, LATITUDE, LONGITUDE) VALUES('214','Like a Sir. Eine Party mit gehobenem Anspruch in meiner WG - es gibt nur Whiskey und kubanische Zigarren. Wer einen Hut traegt, bekommt einen Preis.','12.09.2014 08:00:00','Whiskey&Cigars','22:00','3','49.12804','8.34127');

-- Veranstalter-ID=4
-- +++ zukünftig +++ ---
INSERT INTO PARTY(ID, BESCHREIBUNG, DATUM, TITEL, UHRZEIT, VERANSTALTER, LATITUDE, LONGITUDE) VALUES('215','Bevor unsere WG aufgeloest wird, wollen wir nochmal so richtig die Sau rauslassen.','13.07.2015 08:00:00','Abrissparty','22:00','4','48.87929','8.328419999999999');
INSERT INTO PARTY(ID, BESCHREIBUNG, DATUM, TITEL, UHRZEIT, VERANSTALTER, LATITUDE, LONGITUDE) VALUES('216','Die Klausuren sind rum - feiert mit uns die Rueckkehr zurueck ins normale Leben.','20.07.2015 08:00:00','Feiern bis zum Umfallen','22:00','4','48.87929','8.328419999999999');

-- +++ abgeschlossen +++ ---
INSERT INTO PARTY(ID, BESCHREIBUNG, DATUM, TITEL, UHRZEIT, VERANSTALTER, LATITUDE, LONGITUDE) VALUES('217','Gemuetliches Feiern im kleinen Rahmen','01.04.2014 08:00:00','Gemuetliches Feiern','20:00','4','48.87929','8.328419999999999');
INSERT INTO PARTY(ID, BESCHREIBUNG, DATUM, TITEL, UHRZEIT, VERANSTALTER, LATITUDE, LONGITUDE) VALUES('218','Einfach mal die Seele baumeln lassen und so richtig durchdrehen - das koennt ihr am 11.05. ab 22:00 Uhr in meiner WG. Getraenke zum Mitbringen siehe Liste','11.05.2014 08:00:00','Die Seele baumln lassen','21:00','4','48.87929','8.328419999999999');
INSERT INTO PARTY(ID, BESCHREIBUNG, DATUM, TITEL, UHRZEIT, VERANSTALTER, LATITUDE, LONGITUDE) VALUES('219','Party Party Party - feiert mit mir und meiner WG','17.08.2014 08:00:00','Party Party Party','22:00','4','48.87929','8.328419999999999');

-- Veranstalter-ID=5
-- +++ zukünftig +++ ---
INSERT INTO PARTY(ID, BESCHREIBUNG, DATUM, TITEL, UHRZEIT, VERANSTALTER, LATITUDE, LONGITUDE) VALUES('220','Um den Release der neuen Version der HsKAmpus iOS-Version zu feiern, lade ich euch recht herzlich ein.','13.07.2015 08:00:00','HsKampus Release Party','20:00','5','49.015666','8.389605999999999');
INSERT INTO PARTY(ID, BESCHREIBUNG, DATUM, TITEL, UHRZEIT, VERANSTALTER, LATITUDE, LONGITUDE) VALUES('221','KickOff Party fuer die Realisierung der neuen App-Versionen im neuen Semester.','20.07.2015 08:00:00','KickOff Party','21:30','5','49.015666','8.389605999999999');

-- +++ abgeschlossen +++ ---
INSERT INTO PARTY(ID, BESCHREIBUNG, DATUM, TITEL, UHRZEIT, VERANSTALTER, LATITUDE, LONGITUDE) VALUES('222','Hallo zusammen. Ich lade euch recht herzlich ein mit mir zu am 21.08. zu feiern.','21.08.2014 08:00:00','Feier im kleinen Rahmen','20:00','5','49.015666','8.389605999999999');
INSERT INTO PARTY(ID, BESCHREIBUNG, DATUM, TITEL, UHRZEIT, VERANSTALTER, LATITUDE, LONGITUDE) VALUES('223','Um das erste Release der HsKampus-App zu feiern, seid ihr alle eingeladen.','12.03.2013 08:00:00','Release Party','22:00','5','49.015666','8.389605999999999');
INSERT INTO PARTY(ID, BESCHREIBUNG, DATUM, TITEL, UHRZEIT, VERANSTALTER, LATITUDE, LONGITUDE) VALUES('224','Zu Weihnachten moechte ich mit euch nochmal feiern und auf das erfolgreiche Jahr zurueckblicken','23.12.2014 08:00:00','Weihnachtsfeier','22:00','5','49.015666','8.389605999999999');

-- Till Party Offen
--zukünftig
INSERT INTO PARTYTEILNAHME(ID, STATUS, PARTY_ID, TEILNEHMER_ID) VALUES ('1','OFFEN','200','6');
INSERT INTO PARTYTEILNAHME(ID, STATUS, PARTY_ID, TEILNEHMER_ID) VALUES ('2','OFFEN','200','16');
INSERT INTO PARTYTEILNAHME(ID, STATUS, PARTY_ID, TEILNEHMER_ID) VALUES ('3','OFFEN','200','26');
INSERT INTO PARTYTEILNAHME(ID, STATUS, PARTY_ID, TEILNEHMER_ID) VALUES ('61','OFFEN','200','2');
INSERT INTO PARTYTEILNAHME(ID, STATUS, PARTY_ID, TEILNEHMER_ID) VALUES ('62','OFFEN','200','3');
INSERT INTO PARTYTEILNAHME(ID, STATUS, PARTY_ID, TEILNEHMER_ID) VALUES ('63','OFFEN','200','4');
INSERT INTO PARTYTEILNAHME(ID, STATUS, PARTY_ID, TEILNEHMER_ID) VALUES ('64','OFFEN','200','5');


INSERT INTO PARTYTEILNAHME(ID, STATUS, PARTY_ID, TEILNEHMER_ID) VALUES ('4','OFFEN','201','36');
INSERT INTO PARTYTEILNAHME(ID, STATUS, PARTY_ID, TEILNEHMER_ID) VALUES ('5','OFFEN','201','46');
INSERT INTO PARTYTEILNAHME(ID, STATUS, PARTY_ID, TEILNEHMER_ID) VALUES ('6','OFFEN','201','56');

--vergangenheit
INSERT INTO PARTYTEILNAHME(ID, STATUS, PARTY_ID, TEILNEHMER_ID) VALUES ('7','OFFEN','202','6');
INSERT INTO PARTYTEILNAHME(ID, STATUS, PARTY_ID, TEILNEHMER_ID) VALUES ('8','OFFEN','202','16');
INSERT INTO PARTYTEILNAHME(ID, STATUS, PARTY_ID, TEILNEHMER_ID) VALUES ('9','OFFEN','202','26');

INSERT INTO PARTYTEILNAHME(ID, STATUS, PARTY_ID, TEILNEHMER_ID) VALUES ('10','OFFEN','203','36');
INSERT INTO PARTYTEILNAHME(ID, STATUS, PARTY_ID, TEILNEHMER_ID) VALUES ('11','OFFEN','203','46');
INSERT INTO PARTYTEILNAHME(ID, STATUS, PARTY_ID, TEILNEHMER_ID) VALUES ('12','OFFEN','203','56');

INSERT INTO PARTYTEILNAHME(ID, STATUS, PARTY_ID, TEILNEHMER_ID) VALUES ('13','OFFEN','204','6');
INSERT INTO PARTYTEILNAHME(ID, STATUS, PARTY_ID, TEILNEHMER_ID) VALUES ('14','OFFEN','204','16');
INSERT INTO PARTYTEILNAHME(ID, STATUS, PARTY_ID, TEILNEHMER_ID) VALUES ('15','OFFEN','204','26');

-- Till Party Absagen
--zukünftig
INSERT INTO PARTYTEILNAHME(ID, STATUS, PARTY_ID, TEILNEHMER_ID) VALUES ('16','ABSAGE','200','36');
INSERT INTO PARTYTEILNAHME(ID, STATUS, PARTY_ID, TEILNEHMER_ID) VALUES ('17','ABSAGE','200','46');

INSERT INTO PARTYTEILNAHME(ID, STATUS, PARTY_ID, TEILNEHMER_ID) VALUES ('18','ABSAGE','201','71');
INSERT INTO PARTYTEILNAHME(ID, STATUS, PARTY_ID, TEILNEHMER_ID) VALUES ('19','ABSAGE','201','72');

--vergangenheit
INSERT INTO PARTYTEILNAHME(ID, STATUS, PARTY_ID, TEILNEHMER_ID) VALUES ('20','ABSAGE','202','73');
INSERT INTO PARTYTEILNAHME(ID, STATUS, PARTY_ID, TEILNEHMER_ID) VALUES ('21','ABSAGE','202','74');

INSERT INTO PARTYTEILNAHME(ID, STATUS, PARTY_ID, TEILNEHMER_ID) VALUES ('22','ABSAGE','203','75');
INSERT INTO PARTYTEILNAHME(ID, STATUS, PARTY_ID, TEILNEHMER_ID) VALUES ('23','ABSAGE','203','76');

INSERT INTO PARTYTEILNAHME(ID, STATUS, PARTY_ID, TEILNEHMER_ID) VALUES ('24','ABSAGE','204','77');
INSERT INTO PARTYTEILNAHME(ID, STATUS, PARTY_ID, TEILNEHMER_ID) VALUES ('25','ABSAGE','204','78');

-- Till Party Zusagen
--zukünftig
INSERT INTO PARTYTEILNAHME(ID, STATUS, PARTY_ID, TEILNEHMER_ID) VALUES ('26','ZUSAGE','200','30');
INSERT INTO PARTYTEILNAHME(ID, STATUS, PARTY_ID, TEILNEHMER_ID) VALUES ('27','ZUSAGE','200','31');
INSERT INTO PARTYTEILNAHME(ID, STATUS, PARTY_ID, TEILNEHMER_ID) VALUES ('28','ZUSAGE','200','32');
INSERT INTO PARTYTEILNAHME(ID, STATUS, PARTY_ID, TEILNEHMER_ID) VALUES ('29','ZUSAGE','200','33');
INSERT INTO PARTYTEILNAHME(ID, STATUS, PARTY_ID, TEILNEHMER_ID) VALUES ('30','ZUSAGE','200','34');
INSERT INTO PARTYTEILNAHME(ID, STATUS, PARTY_ID, TEILNEHMER_ID) VALUES ('31','ZUSAGE','200','35');
INSERT INTO PARTYTEILNAHME(ID, STATUS, PARTY_ID, TEILNEHMER_ID) VALUES ('32','ZUSAGE','200','37');

INSERT INTO PARTYTEILNAHME(ID, STATUS, PARTY_ID, TEILNEHMER_ID) VALUES ('33','ZUSAGE','201','30');
INSERT INTO PARTYTEILNAHME(ID, STATUS, PARTY_ID, TEILNEHMER_ID) VALUES ('34','ZUSAGE','201','31');
INSERT INTO PARTYTEILNAHME(ID, STATUS, PARTY_ID, TEILNEHMER_ID) VALUES ('35','ZUSAGE','201','32');
INSERT INTO PARTYTEILNAHME(ID, STATUS, PARTY_ID, TEILNEHMER_ID) VALUES ('36','ZUSAGE','201','33');
INSERT INTO PARTYTEILNAHME(ID, STATUS, PARTY_ID, TEILNEHMER_ID) VALUES ('37','ZUSAGE','201','34');
INSERT INTO PARTYTEILNAHME(ID, STATUS, PARTY_ID, TEILNEHMER_ID) VALUES ('38','ZUSAGE','201','35');
INSERT INTO PARTYTEILNAHME(ID, STATUS, PARTY_ID, TEILNEHMER_ID) VALUES ('39','ZUSAGE','201','37');

--vergangenheit
INSERT INTO PARTYTEILNAHME(ID, STATUS, PARTY_ID, TEILNEHMER_ID) VALUES ('40','ZUSAGE','202','2');
INSERT INTO PARTYTEILNAHME(ID, STATUS, PARTY_ID, TEILNEHMER_ID) VALUES ('41','ZUSAGE','202','3');
INSERT INTO PARTYTEILNAHME(ID, STATUS, PARTY_ID, TEILNEHMER_ID) VALUES ('42','ZUSAGE','202','4');
INSERT INTO PARTYTEILNAHME(ID, STATUS, PARTY_ID, TEILNEHMER_ID) VALUES ('43','ZUSAGE','202','5');
INSERT INTO PARTYTEILNAHME(ID, STATUS, PARTY_ID, TEILNEHMER_ID) VALUES ('44','ZUSAGE','202','10');
INSERT INTO PARTYTEILNAHME(ID, STATUS, PARTY_ID, TEILNEHMER_ID) VALUES ('45','ZUSAGE','202','11');
INSERT INTO PARTYTEILNAHME(ID, STATUS, PARTY_ID, TEILNEHMER_ID) VALUES ('46','ZUSAGE','202','12');

INSERT INTO PARTYTEILNAHME(ID, STATUS, PARTY_ID, TEILNEHMER_ID) VALUES ('47','ZUSAGE','203','2');
INSERT INTO PARTYTEILNAHME(ID, STATUS, PARTY_ID, TEILNEHMER_ID) VALUES ('48','ZUSAGE','203','3');
INSERT INTO PARTYTEILNAHME(ID, STATUS, PARTY_ID, TEILNEHMER_ID) VALUES ('49','ZUSAGE','203','4');
INSERT INTO PARTYTEILNAHME(ID, STATUS, PARTY_ID, TEILNEHMER_ID) VALUES ('50','ZUSAGE','203','5');
INSERT INTO PARTYTEILNAHME(ID, STATUS, PARTY_ID, TEILNEHMER_ID) VALUES ('51','ZUSAGE','203','10');
INSERT INTO PARTYTEILNAHME(ID, STATUS, PARTY_ID, TEILNEHMER_ID) VALUES ('52','ZUSAGE','203','11');
INSERT INTO PARTYTEILNAHME(ID, STATUS, PARTY_ID, TEILNEHMER_ID) VALUES ('53','ZUSAGE','203','12');

INSERT INTO PARTYTEILNAHME(ID, STATUS, PARTY_ID, TEILNEHMER_ID) VALUES ('54','ZUSAGE','204','2');
INSERT INTO PARTYTEILNAHME(ID, STATUS, PARTY_ID, TEILNEHMER_ID) VALUES ('55','ZUSAGE','204','3');
INSERT INTO PARTYTEILNAHME(ID, STATUS, PARTY_ID, TEILNEHMER_ID) VALUES ('56','ZUSAGE','204','4');
INSERT INTO PARTYTEILNAHME(ID, STATUS, PARTY_ID, TEILNEHMER_ID) VALUES ('57','ZUSAGE','204','5');
INSERT INTO PARTYTEILNAHME(ID, STATUS, PARTY_ID, TEILNEHMER_ID) VALUES ('58','ZUSAGE','204','10');
INSERT INTO PARTYTEILNAHME(ID, STATUS, PARTY_ID, TEILNEHMER_ID) VALUES ('59','ZUSAGE','204','11');
INSERT INTO PARTYTEILNAHME(ID, STATUS, PARTY_ID, TEILNEHMER_ID) VALUES ('60','ZUSAGE','204','12');


-- Michi Party Offen
--zukünftig
INSERT INTO PARTYTEILNAHME(ID, STATUS, PARTY_ID, TEILNEHMER_ID) VALUES ('65','OFFEN','205','6');
INSERT INTO PARTYTEILNAHME(ID, STATUS, PARTY_ID, TEILNEHMER_ID) VALUES ('66','OFFEN','205','16');
INSERT INTO PARTYTEILNAHME(ID, STATUS, PARTY_ID, TEILNEHMER_ID) VALUES ('67','OFFEN','205','26');
INSERT INTO PARTYTEILNAHME(ID, STATUS, PARTY_ID, TEILNEHMER_ID) VALUES ('68','OFFEN','205','1');
INSERT INTO PARTYTEILNAHME(ID, STATUS, PARTY_ID, TEILNEHMER_ID) VALUES ('69','OFFEN','205','3');
INSERT INTO PARTYTEILNAHME(ID, STATUS, PARTY_ID, TEILNEHMER_ID) VALUES ('70','OFFEN','205','4');
INSERT INTO PARTYTEILNAHME(ID, STATUS, PARTY_ID, TEILNEHMER_ID) VALUES ('71','OFFEN','205','5');


INSERT INTO PARTYTEILNAHME(ID, STATUS, PARTY_ID, TEILNEHMER_ID) VALUES ('72','OFFEN','206','36');
INSERT INTO PARTYTEILNAHME(ID, STATUS, PARTY_ID, TEILNEHMER_ID) VALUES ('73','OFFEN','206','46');
INSERT INTO PARTYTEILNAHME(ID, STATUS, PARTY_ID, TEILNEHMER_ID) VALUES ('74','OFFEN','206','56');

--vergangenheit
INSERT INTO PARTYTEILNAHME(ID, STATUS, PARTY_ID, TEILNEHMER_ID) VALUES ('75','OFFEN','207','6');
INSERT INTO PARTYTEILNAHME(ID, STATUS, PARTY_ID, TEILNEHMER_ID) VALUES ('76','OFFEN','207','16');
INSERT INTO PARTYTEILNAHME(ID, STATUS, PARTY_ID, TEILNEHMER_ID) VALUES ('77','OFFEN','207','26');

INSERT INTO PARTYTEILNAHME(ID, STATUS, PARTY_ID, TEILNEHMER_ID) VALUES ('78','OFFEN','208','36');
INSERT INTO PARTYTEILNAHME(ID, STATUS, PARTY_ID, TEILNEHMER_ID) VALUES ('79','OFFEN','208','46');
INSERT INTO PARTYTEILNAHME(ID, STATUS, PARTY_ID, TEILNEHMER_ID) VALUES ('80','OFFEN','208','56');

INSERT INTO PARTYTEILNAHME(ID, STATUS, PARTY_ID, TEILNEHMER_ID) VALUES ('81','OFFEN','209','6');
INSERT INTO PARTYTEILNAHME(ID, STATUS, PARTY_ID, TEILNEHMER_ID) VALUES ('82','OFFEN','209','16');
INSERT INTO PARTYTEILNAHME(ID, STATUS, PARTY_ID, TEILNEHMER_ID) VALUES ('83','OFFEN','209','26');

-- Michi Party Absagen
--zukünftig
INSERT INTO PARTYTEILNAHME(ID, STATUS, PARTY_ID, TEILNEHMER_ID) VALUES ('84','ABSAGE','205','36');
INSERT INTO PARTYTEILNAHME(ID, STATUS, PARTY_ID, TEILNEHMER_ID) VALUES ('85','ABSAGE','205','46');

INSERT INTO PARTYTEILNAHME(ID, STATUS, PARTY_ID, TEILNEHMER_ID) VALUES ('86','ABSAGE','206','71');
INSERT INTO PARTYTEILNAHME(ID, STATUS, PARTY_ID, TEILNEHMER_ID) VALUES ('87','ABSAGE','206','72');

--vergangenheit
INSERT INTO PARTYTEILNAHME(ID, STATUS, PARTY_ID, TEILNEHMER_ID) VALUES ('88','ABSAGE','207','73');
INSERT INTO PARTYTEILNAHME(ID, STATUS, PARTY_ID, TEILNEHMER_ID) VALUES ('89','ABSAGE','207','74');

INSERT INTO PARTYTEILNAHME(ID, STATUS, PARTY_ID, TEILNEHMER_ID) VALUES ('90','ABSAGE','208','75');
INSERT INTO PARTYTEILNAHME(ID, STATUS, PARTY_ID, TEILNEHMER_ID) VALUES ('91','ABSAGE','208','76');

INSERT INTO PARTYTEILNAHME(ID, STATUS, PARTY_ID, TEILNEHMER_ID) VALUES ('92','ABSAGE','209','77');
INSERT INTO PARTYTEILNAHME(ID, STATUS, PARTY_ID, TEILNEHMER_ID) VALUES ('93','ABSAGE','209','78');



-- Michi Party Zusagen
--zukünftig
INSERT INTO PARTYTEILNAHME(ID, STATUS, PARTY_ID, TEILNEHMER_ID) VALUES ('94','ZUSAGE','205','30');
INSERT INTO PARTYTEILNAHME(ID, STATUS, PARTY_ID, TEILNEHMER_ID) VALUES ('95','ZUSAGE','205','31');
INSERT INTO PARTYTEILNAHME(ID, STATUS, PARTY_ID, TEILNEHMER_ID) VALUES ('96','ZUSAGE','205','32');
INSERT INTO PARTYTEILNAHME(ID, STATUS, PARTY_ID, TEILNEHMER_ID) VALUES ('97','ZUSAGE','205','33');
INSERT INTO PARTYTEILNAHME(ID, STATUS, PARTY_ID, TEILNEHMER_ID) VALUES ('98','ZUSAGE','205','34');
INSERT INTO PARTYTEILNAHME(ID, STATUS, PARTY_ID, TEILNEHMER_ID) VALUES ('99','ZUSAGE','205','35');
INSERT INTO PARTYTEILNAHME(ID, STATUS, PARTY_ID, TEILNEHMER_ID) VALUES ('100','ZUSAGE','205','37');

INSERT INTO PARTYTEILNAHME(ID, STATUS, PARTY_ID, TEILNEHMER_ID) VALUES ('101','ZUSAGE','206','30');
INSERT INTO PARTYTEILNAHME(ID, STATUS, PARTY_ID, TEILNEHMER_ID) VALUES ('102','ZUSAGE','206','31');
INSERT INTO PARTYTEILNAHME(ID, STATUS, PARTY_ID, TEILNEHMER_ID) VALUES ('103','ZUSAGE','206','32');
INSERT INTO PARTYTEILNAHME(ID, STATUS, PARTY_ID, TEILNEHMER_ID) VALUES ('104','ZUSAGE','206','33');
INSERT INTO PARTYTEILNAHME(ID, STATUS, PARTY_ID, TEILNEHMER_ID) VALUES ('105','ZUSAGE','206','34');
INSERT INTO PARTYTEILNAHME(ID, STATUS, PARTY_ID, TEILNEHMER_ID) VALUES ('106','ZUSAGE','206','35');
INSERT INTO PARTYTEILNAHME(ID, STATUS, PARTY_ID, TEILNEHMER_ID) VALUES ('107','ZUSAGE','206','37');

--vergangenheit
INSERT INTO PARTYTEILNAHME(ID, STATUS, PARTY_ID, TEILNEHMER_ID) VALUES ('108','ZUSAGE','207','1');
INSERT INTO PARTYTEILNAHME(ID, STATUS, PARTY_ID, TEILNEHMER_ID) VALUES ('109','ZUSAGE','207','3');
INSERT INTO PARTYTEILNAHME(ID, STATUS, PARTY_ID, TEILNEHMER_ID) VALUES ('110','ZUSAGE','207','4');
INSERT INTO PARTYTEILNAHME(ID, STATUS, PARTY_ID, TEILNEHMER_ID) VALUES ('111','ZUSAGE','207','5');
INSERT INTO PARTYTEILNAHME(ID, STATUS, PARTY_ID, TEILNEHMER_ID) VALUES ('112','ZUSAGE','207','10');
INSERT INTO PARTYTEILNAHME(ID, STATUS, PARTY_ID, TEILNEHMER_ID) VALUES ('113','ZUSAGE','207','11');
INSERT INTO PARTYTEILNAHME(ID, STATUS, PARTY_ID, TEILNEHMER_ID) VALUES ('114','ZUSAGE','207','12');

INSERT INTO PARTYTEILNAHME(ID, STATUS, PARTY_ID, TEILNEHMER_ID) VALUES ('115','ZUSAGE','208','1');
INSERT INTO PARTYTEILNAHME(ID, STATUS, PARTY_ID, TEILNEHMER_ID) VALUES ('116','ZUSAGE','208','3');
INSERT INTO PARTYTEILNAHME(ID, STATUS, PARTY_ID, TEILNEHMER_ID) VALUES ('117','ZUSAGE','208','4');
INSERT INTO PARTYTEILNAHME(ID, STATUS, PARTY_ID, TEILNEHMER_ID) VALUES ('118','ZUSAGE','208','5');
INSERT INTO PARTYTEILNAHME(ID, STATUS, PARTY_ID, TEILNEHMER_ID) VALUES ('119','ZUSAGE','208','10');
INSERT INTO PARTYTEILNAHME(ID, STATUS, PARTY_ID, TEILNEHMER_ID) VALUES ('120','ZUSAGE','208','11');
INSERT INTO PARTYTEILNAHME(ID, STATUS, PARTY_ID, TEILNEHMER_ID) VALUES ('121','ZUSAGE','208','12');

INSERT INTO PARTYTEILNAHME(ID, STATUS, PARTY_ID, TEILNEHMER_ID) VALUES ('122','ZUSAGE','209','1');
INSERT INTO PARTYTEILNAHME(ID, STATUS, PARTY_ID, TEILNEHMER_ID) VALUES ('123','ZUSAGE','209','3');
INSERT INTO PARTYTEILNAHME(ID, STATUS, PARTY_ID, TEILNEHMER_ID) VALUES ('124','ZUSAGE','209','4');
INSERT INTO PARTYTEILNAHME(ID, STATUS, PARTY_ID, TEILNEHMER_ID) VALUES ('125','ZUSAGE','209','5');
INSERT INTO PARTYTEILNAHME(ID, STATUS, PARTY_ID, TEILNEHMER_ID) VALUES ('126','ZUSAGE','209','10');
INSERT INTO PARTYTEILNAHME(ID, STATUS, PARTY_ID, TEILNEHMER_ID) VALUES ('127','ZUSAGE','209','11');
INSERT INTO PARTYTEILNAHME(ID, STATUS, PARTY_ID, TEILNEHMER_ID) VALUES ('128','ZUSAGE','209','12');


-- Günni Party Offen
--zukünftig
INSERT INTO PARTYTEILNAHME(ID, STATUS, PARTY_ID, TEILNEHMER_ID) VALUES ('129','OFFEN','210','6');
INSERT INTO PARTYTEILNAHME(ID, STATUS, PARTY_ID, TEILNEHMER_ID) VALUES ('130','OFFEN','210','16');
INSERT INTO PARTYTEILNAHME(ID, STATUS, PARTY_ID, TEILNEHMER_ID) VALUES ('131','OFFEN','210','26');
INSERT INTO PARTYTEILNAHME(ID, STATUS, PARTY_ID, TEILNEHMER_ID) VALUES ('132','OFFEN','210','2');
INSERT INTO PARTYTEILNAHME(ID, STATUS, PARTY_ID, TEILNEHMER_ID) VALUES ('133','OFFEN','210','1');
INSERT INTO PARTYTEILNAHME(ID, STATUS, PARTY_ID, TEILNEHMER_ID) VALUES ('134','OFFEN','210','4');
INSERT INTO PARTYTEILNAHME(ID, STATUS, PARTY_ID, TEILNEHMER_ID) VALUES ('135','OFFEN','210','5');


INSERT INTO PARTYTEILNAHME(ID, STATUS, PARTY_ID, TEILNEHMER_ID) VALUES ('136','OFFEN','211','36');
INSERT INTO PARTYTEILNAHME(ID, STATUS, PARTY_ID, TEILNEHMER_ID) VALUES ('137','OFFEN','211','46');
INSERT INTO PARTYTEILNAHME(ID, STATUS, PARTY_ID, TEILNEHMER_ID) VALUES ('138','OFFEN','211','56');

--vergangenheit
INSERT INTO PARTYTEILNAHME(ID, STATUS, PARTY_ID, TEILNEHMER_ID) VALUES ('139','OFFEN','212','6');
INSERT INTO PARTYTEILNAHME(ID, STATUS, PARTY_ID, TEILNEHMER_ID) VALUES ('140','OFFEN','212','16');
INSERT INTO PARTYTEILNAHME(ID, STATUS, PARTY_ID, TEILNEHMER_ID) VALUES ('141','OFFEN','212','26');

INSERT INTO PARTYTEILNAHME(ID, STATUS, PARTY_ID, TEILNEHMER_ID) VALUES ('142','OFFEN','213','36');
INSERT INTO PARTYTEILNAHME(ID, STATUS, PARTY_ID, TEILNEHMER_ID) VALUES ('143','OFFEN','213','46');
INSERT INTO PARTYTEILNAHME(ID, STATUS, PARTY_ID, TEILNEHMER_ID) VALUES ('144','OFFEN','213','56');

INSERT INTO PARTYTEILNAHME(ID, STATUS, PARTY_ID, TEILNEHMER_ID) VALUES ('145','OFFEN','214','6');
INSERT INTO PARTYTEILNAHME(ID, STATUS, PARTY_ID, TEILNEHMER_ID) VALUES ('146','OFFEN','214','16');
INSERT INTO PARTYTEILNAHME(ID, STATUS, PARTY_ID, TEILNEHMER_ID) VALUES ('147','OFFEN','214','26');

-- Günni Party Absagen
--zukünftig
INSERT INTO PARTYTEILNAHME(ID, STATUS, PARTY_ID, TEILNEHMER_ID) VALUES ('148','ABSAGE','210','36');
INSERT INTO PARTYTEILNAHME(ID, STATUS, PARTY_ID, TEILNEHMER_ID) VALUES ('149','ABSAGE','210','46');

INSERT INTO PARTYTEILNAHME(ID, STATUS, PARTY_ID, TEILNEHMER_ID) VALUES ('150','ABSAGE','211','71');
INSERT INTO PARTYTEILNAHME(ID, STATUS, PARTY_ID, TEILNEHMER_ID) VALUES ('151','ABSAGE','211','72');

--vergangenheit
INSERT INTO PARTYTEILNAHME(ID, STATUS, PARTY_ID, TEILNEHMER_ID) VALUES ('152','ABSAGE','212','73');
INSERT INTO PARTYTEILNAHME(ID, STATUS, PARTY_ID, TEILNEHMER_ID) VALUES ('153','ABSAGE','212','74');

INSERT INTO PARTYTEILNAHME(ID, STATUS, PARTY_ID, TEILNEHMER_ID) VALUES ('154','ABSAGE','213','75');
INSERT INTO PARTYTEILNAHME(ID, STATUS, PARTY_ID, TEILNEHMER_ID) VALUES ('155','ABSAGE','213','76');

INSERT INTO PARTYTEILNAHME(ID, STATUS, PARTY_ID, TEILNEHMER_ID) VALUES ('156','ABSAGE','214','77');
INSERT INTO PARTYTEILNAHME(ID, STATUS, PARTY_ID, TEILNEHMER_ID) VALUES ('157','ABSAGE','214','78');



-- Günni Party Zusagen
--zukünftig
INSERT INTO PARTYTEILNAHME(ID, STATUS, PARTY_ID, TEILNEHMER_ID) VALUES ('158','ZUSAGE','210','30');
INSERT INTO PARTYTEILNAHME(ID, STATUS, PARTY_ID, TEILNEHMER_ID) VALUES ('159','ZUSAGE','210','31');
INSERT INTO PARTYTEILNAHME(ID, STATUS, PARTY_ID, TEILNEHMER_ID) VALUES ('160','ZUSAGE','210','32');
INSERT INTO PARTYTEILNAHME(ID, STATUS, PARTY_ID, TEILNEHMER_ID) VALUES ('161','ZUSAGE','210','33');
INSERT INTO PARTYTEILNAHME(ID, STATUS, PARTY_ID, TEILNEHMER_ID) VALUES ('162','ZUSAGE','210','34');
INSERT INTO PARTYTEILNAHME(ID, STATUS, PARTY_ID, TEILNEHMER_ID) VALUES ('163','ZUSAGE','210','35');
INSERT INTO PARTYTEILNAHME(ID, STATUS, PARTY_ID, TEILNEHMER_ID) VALUES ('164','ZUSAGE','210','37');

INSERT INTO PARTYTEILNAHME(ID, STATUS, PARTY_ID, TEILNEHMER_ID) VALUES ('165','ZUSAGE','211','30');
INSERT INTO PARTYTEILNAHME(ID, STATUS, PARTY_ID, TEILNEHMER_ID) VALUES ('166','ZUSAGE','211','31');
INSERT INTO PARTYTEILNAHME(ID, STATUS, PARTY_ID, TEILNEHMER_ID) VALUES ('167','ZUSAGE','211','32');
INSERT INTO PARTYTEILNAHME(ID, STATUS, PARTY_ID, TEILNEHMER_ID) VALUES ('168','ZUSAGE','211','33');
INSERT INTO PARTYTEILNAHME(ID, STATUS, PARTY_ID, TEILNEHMER_ID) VALUES ('169','ZUSAGE','211','34');
INSERT INTO PARTYTEILNAHME(ID, STATUS, PARTY_ID, TEILNEHMER_ID) VALUES ('170','ZUSAGE','211','35');
INSERT INTO PARTYTEILNAHME(ID, STATUS, PARTY_ID, TEILNEHMER_ID) VALUES ('171','ZUSAGE','211','37');

--vergangenheit
INSERT INTO PARTYTEILNAHME(ID, STATUS, PARTY_ID, TEILNEHMER_ID) VALUES ('172','ZUSAGE','212','2');
INSERT INTO PARTYTEILNAHME(ID, STATUS, PARTY_ID, TEILNEHMER_ID) VALUES ('173','ZUSAGE','212','1');
INSERT INTO PARTYTEILNAHME(ID, STATUS, PARTY_ID, TEILNEHMER_ID) VALUES ('174','ZUSAGE','212','4');
INSERT INTO PARTYTEILNAHME(ID, STATUS, PARTY_ID, TEILNEHMER_ID) VALUES ('175','ZUSAGE','212','5');
INSERT INTO PARTYTEILNAHME(ID, STATUS, PARTY_ID, TEILNEHMER_ID) VALUES ('176','ZUSAGE','212','10');
INSERT INTO PARTYTEILNAHME(ID, STATUS, PARTY_ID, TEILNEHMER_ID) VALUES ('177','ZUSAGE','212','11');
INSERT INTO PARTYTEILNAHME(ID, STATUS, PARTY_ID, TEILNEHMER_ID) VALUES ('178','ZUSAGE','212','12');

INSERT INTO PARTYTEILNAHME(ID, STATUS, PARTY_ID, TEILNEHMER_ID) VALUES ('179','ZUSAGE','213','2');
INSERT INTO PARTYTEILNAHME(ID, STATUS, PARTY_ID, TEILNEHMER_ID) VALUES ('180','ZUSAGE','213','1');
INSERT INTO PARTYTEILNAHME(ID, STATUS, PARTY_ID, TEILNEHMER_ID) VALUES ('181','ZUSAGE','213','4');
INSERT INTO PARTYTEILNAHME(ID, STATUS, PARTY_ID, TEILNEHMER_ID) VALUES ('182','ZUSAGE','213','5');
INSERT INTO PARTYTEILNAHME(ID, STATUS, PARTY_ID, TEILNEHMER_ID) VALUES ('183','ZUSAGE','213','10');
INSERT INTO PARTYTEILNAHME(ID, STATUS, PARTY_ID, TEILNEHMER_ID) VALUES ('184','ZUSAGE','213','11');
INSERT INTO PARTYTEILNAHME(ID, STATUS, PARTY_ID, TEILNEHMER_ID) VALUES ('185','ZUSAGE','213','12');

INSERT INTO PARTYTEILNAHME(ID, STATUS, PARTY_ID, TEILNEHMER_ID) VALUES ('186','ZUSAGE','214','2');
INSERT INTO PARTYTEILNAHME(ID, STATUS, PARTY_ID, TEILNEHMER_ID) VALUES ('187','ZUSAGE','214','1');
INSERT INTO PARTYTEILNAHME(ID, STATUS, PARTY_ID, TEILNEHMER_ID) VALUES ('188','ZUSAGE','214','4');
INSERT INTO PARTYTEILNAHME(ID, STATUS, PARTY_ID, TEILNEHMER_ID) VALUES ('189','ZUSAGE','214','5');
INSERT INTO PARTYTEILNAHME(ID, STATUS, PARTY_ID, TEILNEHMER_ID) VALUES ('190','ZUSAGE','214','10');
INSERT INTO PARTYTEILNAHME(ID, STATUS, PARTY_ID, TEILNEHMER_ID) VALUES ('191','ZUSAGE','214','11');
INSERT INTO PARTYTEILNAHME(ID, STATUS, PARTY_ID, TEILNEHMER_ID) VALUES ('192','ZUSAGE','214','12');


-- Richter Party Offen
--zukünftig
INSERT INTO PARTYTEILNAHME(ID, STATUS, PARTY_ID, TEILNEHMER_ID) VALUES ('193','OFFEN','215','6');
INSERT INTO PARTYTEILNAHME(ID, STATUS, PARTY_ID, TEILNEHMER_ID) VALUES ('194','OFFEN','215','16');
INSERT INTO PARTYTEILNAHME(ID, STATUS, PARTY_ID, TEILNEHMER_ID) VALUES ('195','OFFEN','215','26');
INSERT INTO PARTYTEILNAHME(ID, STATUS, PARTY_ID, TEILNEHMER_ID) VALUES ('196','OFFEN','215','2');
INSERT INTO PARTYTEILNAHME(ID, STATUS, PARTY_ID, TEILNEHMER_ID) VALUES ('197','OFFEN','215','3');
INSERT INTO PARTYTEILNAHME(ID, STATUS, PARTY_ID, TEILNEHMER_ID) VALUES ('198','OFFEN','215','1');
INSERT INTO PARTYTEILNAHME(ID, STATUS, PARTY_ID, TEILNEHMER_ID) VALUES ('199','OFFEN','215','5');


INSERT INTO PARTYTEILNAHME(ID, STATUS, PARTY_ID, TEILNEHMER_ID) VALUES ('200','OFFEN','216','36');
INSERT INTO PARTYTEILNAHME(ID, STATUS, PARTY_ID, TEILNEHMER_ID) VALUES ('201','OFFEN','216','46');
INSERT INTO PARTYTEILNAHME(ID, STATUS, PARTY_ID, TEILNEHMER_ID) VALUES ('202','OFFEN','216','56');

--vergangenheit
INSERT INTO PARTYTEILNAHME(ID, STATUS, PARTY_ID, TEILNEHMER_ID) VALUES ('203','OFFEN','217','6');
INSERT INTO PARTYTEILNAHME(ID, STATUS, PARTY_ID, TEILNEHMER_ID) VALUES ('204','OFFEN','217','16');
INSERT INTO PARTYTEILNAHME(ID, STATUS, PARTY_ID, TEILNEHMER_ID) VALUES ('205','OFFEN','217','26');

INSERT INTO PARTYTEILNAHME(ID, STATUS, PARTY_ID, TEILNEHMER_ID) VALUES ('206','OFFEN','218','36');
INSERT INTO PARTYTEILNAHME(ID, STATUS, PARTY_ID, TEILNEHMER_ID) VALUES ('207','OFFEN','218','46');
INSERT INTO PARTYTEILNAHME(ID, STATUS, PARTY_ID, TEILNEHMER_ID) VALUES ('208','OFFEN','218','56');

INSERT INTO PARTYTEILNAHME(ID, STATUS, PARTY_ID, TEILNEHMER_ID) VALUES ('209','OFFEN','219','6');
INSERT INTO PARTYTEILNAHME(ID, STATUS, PARTY_ID, TEILNEHMER_ID) VALUES ('210','OFFEN','219','16');
INSERT INTO PARTYTEILNAHME(ID, STATUS, PARTY_ID, TEILNEHMER_ID) VALUES ('211','OFFEN','219','26');

-- Richter Party Absagen
--zukünftig
INSERT INTO PARTYTEILNAHME(ID, STATUS, PARTY_ID, TEILNEHMER_ID) VALUES ('212','ABSAGE','215','36');
INSERT INTO PARTYTEILNAHME(ID, STATUS, PARTY_ID, TEILNEHMER_ID) VALUES ('213','ABSAGE','215','46');

INSERT INTO PARTYTEILNAHME(ID, STATUS, PARTY_ID, TEILNEHMER_ID) VALUES ('214','ABSAGE','216','71');
INSERT INTO PARTYTEILNAHME(ID, STATUS, PARTY_ID, TEILNEHMER_ID) VALUES ('215','ABSAGE','216','72');

--vergangenheit
INSERT INTO PARTYTEILNAHME(ID, STATUS, PARTY_ID, TEILNEHMER_ID) VALUES ('216','ABSAGE','217','73');
INSERT INTO PARTYTEILNAHME(ID, STATUS, PARTY_ID, TEILNEHMER_ID) VALUES ('217','ABSAGE','217','74');

INSERT INTO PARTYTEILNAHME(ID, STATUS, PARTY_ID, TEILNEHMER_ID) VALUES ('218','ABSAGE','218','75');
INSERT INTO PARTYTEILNAHME(ID, STATUS, PARTY_ID, TEILNEHMER_ID) VALUES ('219','ABSAGE','218','76');

INSERT INTO PARTYTEILNAHME(ID, STATUS, PARTY_ID, TEILNEHMER_ID) VALUES ('220','ABSAGE','219','77');
INSERT INTO PARTYTEILNAHME(ID, STATUS, PARTY_ID, TEILNEHMER_ID) VALUES ('221','ABSAGE','219','78');



-- Richter Party Zusagen
--zukünftig
INSERT INTO PARTYTEILNAHME(ID, STATUS, PARTY_ID, TEILNEHMER_ID) VALUES ('222','ZUSAGE','215','30');
INSERT INTO PARTYTEILNAHME(ID, STATUS, PARTY_ID, TEILNEHMER_ID) VALUES ('223','ZUSAGE','215','31');
INSERT INTO PARTYTEILNAHME(ID, STATUS, PARTY_ID, TEILNEHMER_ID) VALUES ('224','ZUSAGE','215','32');
INSERT INTO PARTYTEILNAHME(ID, STATUS, PARTY_ID, TEILNEHMER_ID) VALUES ('225','ZUSAGE','215','33');
INSERT INTO PARTYTEILNAHME(ID, STATUS, PARTY_ID, TEILNEHMER_ID) VALUES ('226','ZUSAGE','215','34');
INSERT INTO PARTYTEILNAHME(ID, STATUS, PARTY_ID, TEILNEHMER_ID) VALUES ('227','ZUSAGE','215','35');
INSERT INTO PARTYTEILNAHME(ID, STATUS, PARTY_ID, TEILNEHMER_ID) VALUES ('228','ZUSAGE','215','37');

INSERT INTO PARTYTEILNAHME(ID, STATUS, PARTY_ID, TEILNEHMER_ID) VALUES ('229','ZUSAGE','216','30');
INSERT INTO PARTYTEILNAHME(ID, STATUS, PARTY_ID, TEILNEHMER_ID) VALUES ('230','ZUSAGE','216','31');
INSERT INTO PARTYTEILNAHME(ID, STATUS, PARTY_ID, TEILNEHMER_ID) VALUES ('231','ZUSAGE','216','32');
INSERT INTO PARTYTEILNAHME(ID, STATUS, PARTY_ID, TEILNEHMER_ID) VALUES ('232','ZUSAGE','216','33');
INSERT INTO PARTYTEILNAHME(ID, STATUS, PARTY_ID, TEILNEHMER_ID) VALUES ('233','ZUSAGE','216','34');
INSERT INTO PARTYTEILNAHME(ID, STATUS, PARTY_ID, TEILNEHMER_ID) VALUES ('234','ZUSAGE','216','35');
INSERT INTO PARTYTEILNAHME(ID, STATUS, PARTY_ID, TEILNEHMER_ID) VALUES ('235','ZUSAGE','216','37');

--vergangenheit
INSERT INTO PARTYTEILNAHME(ID, STATUS, PARTY_ID, TEILNEHMER_ID) VALUES ('236','ZUSAGE','217','2');
INSERT INTO PARTYTEILNAHME(ID, STATUS, PARTY_ID, TEILNEHMER_ID) VALUES ('237','ZUSAGE','217','3');
INSERT INTO PARTYTEILNAHME(ID, STATUS, PARTY_ID, TEILNEHMER_ID) VALUES ('238','ZUSAGE','217','1');
INSERT INTO PARTYTEILNAHME(ID, STATUS, PARTY_ID, TEILNEHMER_ID) VALUES ('239','ZUSAGE','217','5');
INSERT INTO PARTYTEILNAHME(ID, STATUS, PARTY_ID, TEILNEHMER_ID) VALUES ('240','ZUSAGE','217','10');
INSERT INTO PARTYTEILNAHME(ID, STATUS, PARTY_ID, TEILNEHMER_ID) VALUES ('241','ZUSAGE','217','11');
INSERT INTO PARTYTEILNAHME(ID, STATUS, PARTY_ID, TEILNEHMER_ID) VALUES ('242','ZUSAGE','217','12');

INSERT INTO PARTYTEILNAHME(ID, STATUS, PARTY_ID, TEILNEHMER_ID) VALUES ('243','ZUSAGE','218','2');
INSERT INTO PARTYTEILNAHME(ID, STATUS, PARTY_ID, TEILNEHMER_ID) VALUES ('244','ZUSAGE','218','3');
INSERT INTO PARTYTEILNAHME(ID, STATUS, PARTY_ID, TEILNEHMER_ID) VALUES ('245','ZUSAGE','218','1');
INSERT INTO PARTYTEILNAHME(ID, STATUS, PARTY_ID, TEILNEHMER_ID) VALUES ('246','ZUSAGE','218','5');
INSERT INTO PARTYTEILNAHME(ID, STATUS, PARTY_ID, TEILNEHMER_ID) VALUES ('247','ZUSAGE','218','10');
INSERT INTO PARTYTEILNAHME(ID, STATUS, PARTY_ID, TEILNEHMER_ID) VALUES ('248','ZUSAGE','218','11');
INSERT INTO PARTYTEILNAHME(ID, STATUS, PARTY_ID, TEILNEHMER_ID) VALUES ('249','ZUSAGE','218','12');

INSERT INTO PARTYTEILNAHME(ID, STATUS, PARTY_ID, TEILNEHMER_ID) VALUES ('250','ZUSAGE','219','2');
INSERT INTO PARTYTEILNAHME(ID, STATUS, PARTY_ID, TEILNEHMER_ID) VALUES ('251','ZUSAGE','219','3');
INSERT INTO PARTYTEILNAHME(ID, STATUS, PARTY_ID, TEILNEHMER_ID) VALUES ('252','ZUSAGE','219','1');
INSERT INTO PARTYTEILNAHME(ID, STATUS, PARTY_ID, TEILNEHMER_ID) VALUES ('253','ZUSAGE','219','5');
INSERT INTO PARTYTEILNAHME(ID, STATUS, PARTY_ID, TEILNEHMER_ID) VALUES ('254','ZUSAGE','219','10');
INSERT INTO PARTYTEILNAHME(ID, STATUS, PARTY_ID, TEILNEHMER_ID) VALUES ('255','ZUSAGE','219','11');
INSERT INTO PARTYTEILNAHME(ID, STATUS, PARTY_ID, TEILNEHMER_ID) VALUES ('256','ZUSAGE','219','12');

-- Seifert Party Offen
--zukünftig
INSERT INTO PARTYTEILNAHME(ID, STATUS, PARTY_ID, TEILNEHMER_ID) VALUES ('257','OFFEN','220','6');
INSERT INTO PARTYTEILNAHME(ID, STATUS, PARTY_ID, TEILNEHMER_ID) VALUES ('258','OFFEN','220','16');
INSERT INTO PARTYTEILNAHME(ID, STATUS, PARTY_ID, TEILNEHMER_ID) VALUES ('259','OFFEN','220','26');
INSERT INTO PARTYTEILNAHME(ID, STATUS, PARTY_ID, TEILNEHMER_ID) VALUES ('260','OFFEN','220','2');
INSERT INTO PARTYTEILNAHME(ID, STATUS, PARTY_ID, TEILNEHMER_ID) VALUES ('261','OFFEN','220','3');
INSERT INTO PARTYTEILNAHME(ID, STATUS, PARTY_ID, TEILNEHMER_ID) VALUES ('262','OFFEN','220','4');
INSERT INTO PARTYTEILNAHME(ID, STATUS, PARTY_ID, TEILNEHMER_ID) VALUES ('263','OFFEN','220','1');


INSERT INTO PARTYTEILNAHME(ID, STATUS, PARTY_ID, TEILNEHMER_ID) VALUES ('264','OFFEN','221','36');
INSERT INTO PARTYTEILNAHME(ID, STATUS, PARTY_ID, TEILNEHMER_ID) VALUES ('265','OFFEN','221','46');
INSERT INTO PARTYTEILNAHME(ID, STATUS, PARTY_ID, TEILNEHMER_ID) VALUES ('266','OFFEN','221','56');

--vergangenheit
INSERT INTO PARTYTEILNAHME(ID, STATUS, PARTY_ID, TEILNEHMER_ID) VALUES ('267','OFFEN','222','6');
INSERT INTO PARTYTEILNAHME(ID, STATUS, PARTY_ID, TEILNEHMER_ID) VALUES ('268','OFFEN','222','16');
INSERT INTO PARTYTEILNAHME(ID, STATUS, PARTY_ID, TEILNEHMER_ID) VALUES ('269','OFFEN','222','26');

INSERT INTO PARTYTEILNAHME(ID, STATUS, PARTY_ID, TEILNEHMER_ID) VALUES ('270','OFFEN','223','36');
INSERT INTO PARTYTEILNAHME(ID, STATUS, PARTY_ID, TEILNEHMER_ID) VALUES ('271','OFFEN','223','46');
INSERT INTO PARTYTEILNAHME(ID, STATUS, PARTY_ID, TEILNEHMER_ID) VALUES ('272','OFFEN','223','56');

INSERT INTO PARTYTEILNAHME(ID, STATUS, PARTY_ID, TEILNEHMER_ID) VALUES ('273','OFFEN','224','6');
INSERT INTO PARTYTEILNAHME(ID, STATUS, PARTY_ID, TEILNEHMER_ID) VALUES ('274','OFFEN','224','16');
INSERT INTO PARTYTEILNAHME(ID, STATUS, PARTY_ID, TEILNEHMER_ID) VALUES ('275','OFFEN','224','26');

-- Seifert Party Absagen
--zukünftig
INSERT INTO PARTYTEILNAHME(ID, STATUS, PARTY_ID, TEILNEHMER_ID) VALUES ('276','ABSAGE','220','36');
INSERT INTO PARTYTEILNAHME(ID, STATUS, PARTY_ID, TEILNEHMER_ID) VALUES ('277','ABSAGE','220','46');

INSERT INTO PARTYTEILNAHME(ID, STATUS, PARTY_ID, TEILNEHMER_ID) VALUES ('278','ABSAGE','221','71');
INSERT INTO PARTYTEILNAHME(ID, STATUS, PARTY_ID, TEILNEHMER_ID) VALUES ('279','ABSAGE','221','72');

--vergangenheit
INSERT INTO PARTYTEILNAHME(ID, STATUS, PARTY_ID, TEILNEHMER_ID) VALUES ('280','ABSAGE','222','73');
INSERT INTO PARTYTEILNAHME(ID, STATUS, PARTY_ID, TEILNEHMER_ID) VALUES ('281','ABSAGE','222','74');

INSERT INTO PARTYTEILNAHME(ID, STATUS, PARTY_ID, TEILNEHMER_ID) VALUES ('282','ABSAGE','223','75');
INSERT INTO PARTYTEILNAHME(ID, STATUS, PARTY_ID, TEILNEHMER_ID) VALUES ('283','ABSAGE','223','76');

INSERT INTO PARTYTEILNAHME(ID, STATUS, PARTY_ID, TEILNEHMER_ID) VALUES ('284','ABSAGE','224','77');
INSERT INTO PARTYTEILNAHME(ID, STATUS, PARTY_ID, TEILNEHMER_ID) VALUES ('285','ABSAGE','224','78');



-- Seifert Party Zusagen
--zukünftig
INSERT INTO PARTYTEILNAHME(ID, STATUS, PARTY_ID, TEILNEHMER_ID) VALUES ('286','ZUSAGE','220','30');
INSERT INTO PARTYTEILNAHME(ID, STATUS, PARTY_ID, TEILNEHMER_ID) VALUES ('287','ZUSAGE','220','31');
INSERT INTO PARTYTEILNAHME(ID, STATUS, PARTY_ID, TEILNEHMER_ID) VALUES ('288','ZUSAGE','220','32');
INSERT INTO PARTYTEILNAHME(ID, STATUS, PARTY_ID, TEILNEHMER_ID) VALUES ('289','ZUSAGE','220','33');
INSERT INTO PARTYTEILNAHME(ID, STATUS, PARTY_ID, TEILNEHMER_ID) VALUES ('290','ZUSAGE','220','34');
INSERT INTO PARTYTEILNAHME(ID, STATUS, PARTY_ID, TEILNEHMER_ID) VALUES ('291','ZUSAGE','220','35');
INSERT INTO PARTYTEILNAHME(ID, STATUS, PARTY_ID, TEILNEHMER_ID) VALUES ('292','ZUSAGE','220','37');

INSERT INTO PARTYTEILNAHME(ID, STATUS, PARTY_ID, TEILNEHMER_ID) VALUES ('293','ZUSAGE','221','30');
INSERT INTO PARTYTEILNAHME(ID, STATUS, PARTY_ID, TEILNEHMER_ID) VALUES ('294','ZUSAGE','221','31');
INSERT INTO PARTYTEILNAHME(ID, STATUS, PARTY_ID, TEILNEHMER_ID) VALUES ('295','ZUSAGE','221','32');
INSERT INTO PARTYTEILNAHME(ID, STATUS, PARTY_ID, TEILNEHMER_ID) VALUES ('296','ZUSAGE','221','33');
INSERT INTO PARTYTEILNAHME(ID, STATUS, PARTY_ID, TEILNEHMER_ID) VALUES ('297','ZUSAGE','221','34');
INSERT INTO PARTYTEILNAHME(ID, STATUS, PARTY_ID, TEILNEHMER_ID) VALUES ('298','ZUSAGE','221','35');
INSERT INTO PARTYTEILNAHME(ID, STATUS, PARTY_ID, TEILNEHMER_ID) VALUES ('299','ZUSAGE','221','37');

--vergangenheit
INSERT INTO PARTYTEILNAHME(ID, STATUS, PARTY_ID, TEILNEHMER_ID) VALUES ('300','ZUSAGE','222','2');
INSERT INTO PARTYTEILNAHME(ID, STATUS, PARTY_ID, TEILNEHMER_ID) VALUES ('301','ZUSAGE','222','3');
INSERT INTO PARTYTEILNAHME(ID, STATUS, PARTY_ID, TEILNEHMER_ID) VALUES ('302','ZUSAGE','222','4');
INSERT INTO PARTYTEILNAHME(ID, STATUS, PARTY_ID, TEILNEHMER_ID) VALUES ('303','ZUSAGE','222','1');
INSERT INTO PARTYTEILNAHME(ID, STATUS, PARTY_ID, TEILNEHMER_ID) VALUES ('304','ZUSAGE','222','10');
INSERT INTO PARTYTEILNAHME(ID, STATUS, PARTY_ID, TEILNEHMER_ID) VALUES ('305','ZUSAGE','222','11');
INSERT INTO PARTYTEILNAHME(ID, STATUS, PARTY_ID, TEILNEHMER_ID) VALUES ('306','ZUSAGE','222','12');

INSERT INTO PARTYTEILNAHME(ID, STATUS, PARTY_ID, TEILNEHMER_ID) VALUES ('307','ZUSAGE','223','2');
INSERT INTO PARTYTEILNAHME(ID, STATUS, PARTY_ID, TEILNEHMER_ID) VALUES ('308','ZUSAGE','223','3');
INSERT INTO PARTYTEILNAHME(ID, STATUS, PARTY_ID, TEILNEHMER_ID) VALUES ('309','ZUSAGE','223','4');
INSERT INTO PARTYTEILNAHME(ID, STATUS, PARTY_ID, TEILNEHMER_ID) VALUES ('310','ZUSAGE','223','1');
INSERT INTO PARTYTEILNAHME(ID, STATUS, PARTY_ID, TEILNEHMER_ID) VALUES ('311','ZUSAGE','223','10');
INSERT INTO PARTYTEILNAHME(ID, STATUS, PARTY_ID, TEILNEHMER_ID) VALUES ('312','ZUSAGE','223','11');
INSERT INTO PARTYTEILNAHME(ID, STATUS, PARTY_ID, TEILNEHMER_ID) VALUES ('313','ZUSAGE','223','12');

INSERT INTO PARTYTEILNAHME(ID, STATUS, PARTY_ID, TEILNEHMER_ID) VALUES ('314','ZUSAGE','224','2');
INSERT INTO PARTYTEILNAHME(ID, STATUS, PARTY_ID, TEILNEHMER_ID) VALUES ('315','ZUSAGE','224','3');
INSERT INTO PARTYTEILNAHME(ID, STATUS, PARTY_ID, TEILNEHMER_ID) VALUES ('316','ZUSAGE','224','4');
INSERT INTO PARTYTEILNAHME(ID, STATUS, PARTY_ID, TEILNEHMER_ID) VALUES ('317','ZUSAGE','224','1');
INSERT INTO PARTYTEILNAHME(ID, STATUS, PARTY_ID, TEILNEHMER_ID) VALUES ('318','ZUSAGE','224','10');
INSERT INTO PARTYTEILNAHME(ID, STATUS, PARTY_ID, TEILNEHMER_ID) VALUES ('319','ZUSAGE','224','11');
INSERT INTO PARTYTEILNAHME(ID, STATUS, PARTY_ID, TEILNEHMER_ID) VALUES ('320','ZUSAGE','224','12');



--RATINGS
-- Immer die ersten zwei Party's sind teils geratet

--Till 1.
INSERT INTO RATING(ID, ERZEUGT, KOMMENTAR, VALUE, NUTZER_FK, PARTY_FK) VALUES('1', '18.04.2014 18:00:00','Bin gerade aufgewacht, war echt ne hammer party Leute!','5,0','2','202')
INSERT INTO RATING(ID, ERZEUGT, KOMMENTAR, VALUE, NUTZER_FK, PARTY_FK) VALUES('2', '18.04.2014 18:06:00','Hat jemand meinen Geldbeutel und mein Handy gesehn? :/ aber sonst klasse Ding!','4,5','3','202')
INSERT INTO RATING(ID, ERZEUGT, KOMMENTAR, VALUE, NUTZER_FK, PARTY_FK) VALUES('3', '18.04.2014 18:15:00','super Musik, super Leute, super Stimmung :) hat mir sehr gut gefallen :)','4,5','4','202')
INSERT INTO RATING(ID, ERZEUGT, KOMMENTAR, VALUE, NUTZER_FK, PARTY_FK) VALUES('4', '18.04.2014 19:53:00','Gab viel zu wenig zu trinken! beim naechsten mal bitte besser planen, dann gibts auch mehr Sterne.','2,5','10','202')
INSERT INTO RATING(ID, ERZEUGT, KOMMENTAR, VALUE, NUTZER_FK, PARTY_FK) VALUES('5', '18.04.2014 20:14:00','Geile Party!','5,0','11','202')
INSERT INTO RATING(ID, ERZEUGT, KOMMENTAR, VALUE, NUTZER_FK, PARTY_FK) VALUES('6', '18.04.2014 21:53:00','Wer hat denn bitte diesen DJ engagiert? der hatte ja gar nichts drauf...','1,0','12','202')
INSERT INTO RATING(ID, ERZEUGT, KOMMENTAR, VALUE, NUTZER_FK, PARTY_FK) VALUES('7', '18.04.2014 21:53:00','Gute Party','3,5','5','202')

--Till 2.
INSERT INTO RATING(ID, ERZEUGT, KOMMENTAR, VALUE, NUTZER_FK, PARTY_FK) VALUES('8', '21.08.2014 18:05:00','Meine Erwartungen waren zwar sehr gering und ich war auf alle Eventualitaeten vorbereitet, aber trotzdem habt ihr es geschafft mich zu Enttaeuschen. Daumen runter! :(','1,0','2','203')
INSERT INTO RATING(ID, ERZEUGT, KOMMENTAR, VALUE, NUTZER_FK, PARTY_FK) VALUES('9', '21.08.2014 19:34:00','Alter bin ich noch dicht. Wie geil war denn das gestern? Wir sind einfach die Besten! :)','4,5','3','203')
INSERT INTO RATING(ID, ERZEUGT, KOMMENTAR, VALUE, NUTZER_FK, PARTY_FK) VALUES('10', '21.08.2014 19:38:00','Geile Party!!!','4,5','4','203')
INSERT INTO RATING(ID, ERZEUGT, KOMMENTAR, VALUE, NUTZER_FK, PARTY_FK) VALUES('11', '21.08.2014 21:18:00','Da ist noch Potential nach oben, Idee gut - Ausfuehrung miserabel.','2,0','5','203')


--Michi 1.
INSERT INTO RATING(ID, ERZEUGT, KOMMENTAR, VALUE, NUTZER_FK, PARTY_FK) VALUES('12', '04.03.2013 08:02:00','Wo bin ich?! :D :)','5,0','1','207')
INSERT INTO RATING(ID, ERZEUGT, KOMMENTAR, VALUE, NUTZER_FK, PARTY_FK) VALUES('13', '04.03.2013 09:15:00','Hat jemand meinen Geldbeutel und mein Handy gesehn? :/ aber sonst klasse Ding!','4,5','3','207')
INSERT INTO RATING(ID, ERZEUGT, KOMMENTAR, VALUE, NUTZER_FK, PARTY_FK) VALUES('14', '04.03.2013 11:34:00','super Musik, super Leute, super Stimmung :) hat mir sehr gut gefallen :)','5,0','4','207')
INSERT INTO RATING(ID, ERZEUGT, KOMMENTAR, VALUE, NUTZER_FK, PARTY_FK) VALUES('15', '04.03.2013 12:18:00','Also die Jungs, die wissen wie man feiert. Nur haben die Frauen gefehlt, aber die können ja nichts dafür, dass sie Informatiker sind. Prinzipiell gut mit Potential nach oben.','4,0','10','207')
INSERT INTO RATING(ID, ERZEUGT, KOMMENTAR, VALUE, NUTZER_FK, PARTY_FK) VALUES('16', '04.03.2013 18:25:00','Achtung, geht bloß nicht zu den Partys dieser WG – die laden ihre Eltern ein und dann darf man nur Bier trinken!','2,0','11','207')
INSERT INTO RATING(ID, ERZEUGT, KOMMENTAR, VALUE, NUTZER_FK, PARTY_FK) VALUES('17', '05.03.2013 15:14:00','Ihr habt mal wieder bewiesen, dass man auch ohne Spass Alkohol haben kann :/ muss sagen ich war schon auf besseren Events...','1,0','12','207')
INSERT INTO RATING(ID, ERZEUGT, KOMMENTAR, VALUE, NUTZER_FK, PARTY_FK) VALUES('18', '06.03.2013 18:23:00','Super Fete!','4,0','5','207')

--Michi 2.
INSERT INTO RATING(ID, ERZEUGT, KOMMENTAR, VALUE, NUTZER_FK, PARTY_FK) VALUES('19', '13.12.2014 14:30:00','War das Absicht, dass es nur Robby Bubble Kindersekt gab oder hatte ich die falsche Adresse und war auf einem Kindergeburtstag? Aber die Snacks waren gut.','3,0','1','208')
INSERT INTO RATING(ID, ERZEUGT, KOMMENTAR, VALUE, NUTZER_FK, PARTY_FK) VALUES('20', '13.12.2014 17:28:00','Zum Abdichten hats gereicht, mehr aber auch nicht…','3,5','3','208')
INSERT INTO RATING(ID, ERZEUGT, KOMMENTAR, VALUE, NUTZER_FK, PARTY_FK) VALUES('21', '13.12.2014 18:58:00','Eure WG, die weiß einfach wie man feiert. Mir gehts zwar jedes Mal schlecht am nächsten Tag und ich fühle mich, als ob ich unter einen Truck gekommen wäre… aber ist ja nicht eure Schuld, wenn ich mich nicht unter Kontrolle habe.','5,0','4','208')
INSERT INTO RATING(ID, ERZEUGT, KOMMENTAR, VALUE, NUTZER_FK, PARTY_FK) VALUES('22', '13.12.2014 19:05:00','Nette Feierei!','4,5','5','208')

--Günni 1.
INSERT INTO RATING(ID, ERZEUGT, KOMMENTAR, VALUE, NUTZER_FK, PARTY_FK) VALUES('23', '25.12.2014 08:00:00','Schalalalalala lalalalalalala laaaaaaaaaaaaa.','5,0','2','212')
INSERT INTO RATING(ID, ERZEUGT, KOMMENTAR, VALUE, NUTZER_FK, PARTY_FK) VALUES('24', '25.12.2014 08:00:00','An dieser Stelle auch nochmal ein großes Dankeschön an die Veranstalter der gestrigen WG-Party! War ein richtig geiler Abend und ich freue mich schon auf eine neue Party mit euch verrückten… Und jetzt viel Spaß beim Putzen.','4,5','1','212')
INSERT INTO RATING(ID, ERZEUGT, KOMMENTAR, VALUE, NUTZER_FK, PARTY_FK) VALUES('25', '25.12.2014 08:00:00','Immer noch dicht wie Harry!','4,5','4','212')
INSERT INTO RATING(ID, ERZEUGT, KOMMENTAR, VALUE, NUTZER_FK, PARTY_FK) VALUES('26', '25.12.2014 08:00:00','Nicht schlecht aber mies organisiert. Aber da es eure erste Party war werdet ihr sicher daraus lernen...','2,5','10','212')
INSERT INTO RATING(ID, ERZEUGT, KOMMENTAR, VALUE, NUTZER_FK, PARTY_FK) VALUES('27', '25.12.2014 08:00:00','Fette, fette Party.','5,0','11','212')
INSERT INTO RATING(ID, ERZEUGT, KOMMENTAR, VALUE, NUTZER_FK, PARTY_FK) VALUES('28', '25.12.2014 08:00:00','Fand es jetzt leider nicht so geil gestern. Weiß gar nicht was ihr alle habt? Kommt mal wieder runter ihr Pseudo-Alkoholiker. Ging gar nicht! ','1,0','12','212')
INSERT INTO RATING(ID, ERZEUGT, KOMMENTAR, VALUE, NUTZER_FK, PARTY_FK) VALUES('29', '25.12.2014 08:00:00','Zwar ein wenig ruhig, aber super Leute!','3,5','5','212')

--Günni 2.
INSERT INTO RATING(ID, ERZEUGT, KOMMENTAR, VALUE, NUTZER_FK, PARTY_FK) VALUES('30', '10.04.2014 08:00:00','Mega geile Party Immer wieder gerne!!! :)','5,0','1','213')
INSERT INTO RATING(ID, ERZEUGT, KOMMENTAR, VALUE, NUTZER_FK, PARTY_FK) VALUES('31', '10.04.2014 08:00:00','Krasses Ding. Schreibt wenn ihr hilfe beim Putzen braucht :D','4,5','2','213')
INSERT INTO RATING(ID, ERZEUGT, KOMMENTAR, VALUE, NUTZER_FK, PARTY_FK) VALUES('32', '10.04.2014 08:00:00','Eskalation. Totale Eskalation! Trichtern hat voll geknallt! #MalleSchlauchKombo','5,0','4','213')
INSERT INTO RATING(ID, ERZEUGT, KOMMENTAR, VALUE, NUTZER_FK, PARTY_FK) VALUES('33', '10.04.2014 08:00:00','Krasse Party!','5,0','5','213')

--Richter 1.
INSERT INTO RATING(ID, ERZEUGT, KOMMENTAR, VALUE, NUTZER_FK, PARTY_FK) VALUES('34', '01.04.2014 08:00:00','Bin gerade aufgewacht, war echt ne hammer party Leute!','5,0','2','217')
INSERT INTO RATING(ID, ERZEUGT, KOMMENTAR, VALUE, NUTZER_FK, PARTY_FK) VALUES('35', '01.04.2014 08:00:00','Hat jemand meinen Geldbeutel und mein Handy gesehn? :/ aber sonst klasse Ding!','4,5','3','217')
INSERT INTO RATING(ID, ERZEUGT, KOMMENTAR, VALUE, NUTZER_FK, PARTY_FK) VALUES('36', '01.04.2014 08:00:00','super Musik, super Leute, super Stimmung :) hat mir sehr gut gefallen :)','4,5','1','217')
INSERT INTO RATING(ID, ERZEUGT, KOMMENTAR, VALUE, NUTZER_FK, PARTY_FK) VALUES('37', '01.04.2014 08:00:00','Gab viel zu wenig zu trinken! beim naechsten mal bitte besser planen, dann gibts auch mehr Sterne.','2,5','10','217')
INSERT INTO RATING(ID, ERZEUGT, KOMMENTAR, VALUE, NUTZER_FK, PARTY_FK) VALUES('38', '01.04.2014 08:00:00','Dass ich das noch miterleben durfte!','5,0','11','217')
INSERT INTO RATING(ID, ERZEUGT, KOMMENTAR, VALUE, NUTZER_FK, PARTY_FK) VALUES('39', '01.04.2014 08:00:00','Wer hat denn bitte diesen DJ engagiert? der hatte ja gar nichts drauf...','1,0','12','217')
INSERT INTO RATING(ID, ERZEUGT, KOMMENTAR, VALUE, NUTZER_FK, PARTY_FK) VALUES('40', '01.04.2014 08:00:00','Gute Party!!!','3,5','5','217')

--Richter 2.
INSERT INTO RATING(ID, ERZEUGT, KOMMENTAR, VALUE, NUTZER_FK, PARTY_FK) VALUES('41', '11.05.2014 08:00:00','Krasses Ding! :D :D ','4,5','1','218')
INSERT INTO RATING(ID, ERZEUGT, KOMMENTAR, VALUE, NUTZER_FK, PARTY_FK) VALUES('42', '11.05.2014 08:00:00','Haha, habt ihr gesehen, wie sich Sarah eingekotzt hat? Nur geil!','4,0','2','218')
INSERT INTO RATING(ID, ERZEUGT, KOMMENTAR, VALUE, NUTZER_FK, PARTY_FK) VALUES('43', '11.05.2014 08:00:00','Zum Abdichten hats gereicht, mehr aber auch nicht…','3,5','3','218')
INSERT INTO RATING(ID, ERZEUGT, KOMMENTAR, VALUE, NUTZER_FK, PARTY_FK) VALUES('44', '11.05.2014 08:00:00','Super Stimmung bei euch! Immer wieder gerne.','5,0','5','218')

--Seifert 1.
INSERT INTO RATING(ID, ERZEUGT, KOMMENTAR, VALUE, NUTZER_FK, PARTY_FK) VALUES('45', '22.08.2014 08:54:00','Bin gerade aufgewacht, war echt ne hammer party Leute!','5,0','1','222')
INSERT INTO RATING(ID, ERZEUGT, KOMMENTAR, VALUE, NUTZER_FK, PARTY_FK) VALUES('46', '22.08.2014 09:23:00','Hat jemand meinen Geldbeutel und mein Handy gesehn? :/ aber sonst klasse Ding!','4,5','2','222')
INSERT INTO RATING(ID, ERZEUGT, KOMMENTAR, VALUE, NUTZER_FK, PARTY_FK) VALUES('47', '22.08.2014 10:12:00','super Musik, super Leute, super Stimmung :) hat mir sehr gut gefallen :)','4,5','3','222')
INSERT INTO RATING(ID, ERZEUGT, KOMMENTAR, VALUE, NUTZER_FK, PARTY_FK) VALUES('48', '23.08.2014 14:35:00','Gab viel zu wenig zu trinken! beim naechsten mal bitte besser planen, dann gibts auch mehr Sterne.','2,5','23','222')
INSERT INTO RATING(ID, ERZEUGT, KOMMENTAR, VALUE, NUTZER_FK, PARTY_FK) VALUES('49', '23.08.2014 18:22:00','Geile Party!','5,0','11','222')
INSERT INTO RATING(ID, ERZEUGT, KOMMENTAR, VALUE, NUTZER_FK, PARTY_FK) VALUES('50', '23.08.2014 19:40:00','Wer hat denn bitte diesen DJ engagiert? der hatte ja gar nichts drauf...','1,0','12','222')
INSERT INTO RATING(ID, ERZEUGT, KOMMENTAR, VALUE, NUTZER_FK, PARTY_FK) VALUES('51', '23.08.2014 23:51:00','Gute Party','3,5','78','222')

--Seifert 2.
INSERT INTO RATING(ID, ERZEUGT, KOMMENTAR, VALUE, NUTZER_FK, PARTY_FK) VALUES('52', '13.03.2013 07:54:00','Saubere Feier!','4,5','1','223')
INSERT INTO RATING(ID, ERZEUGT, KOMMENTAR, VALUE, NUTZER_FK, PARTY_FK) VALUES('53', '13.03.2013 08:03:00','Die Feier ham wir uns auch verdient gehabt :)','4,0','2','223')
INSERT INTO RATING(ID, ERZEUGT, KOMMENTAR, VALUE, NUTZER_FK, PARTY_FK) VALUES('54', '14.03.2013 15:23:00','Gechilltes beisammensein. :)','3,5','3','223')
INSERT INTO RATING(ID, ERZEUGT, KOMMENTAR, VALUE, NUTZER_FK, PARTY_FK) VALUES('55', '15.03.2013 14:10:00','Geile Party!','5,0','4','223')






